OrderItem Id,Product2 Id
8021etest003gyvAAA,01t1e000002AwS3AAK
8021etest003gz0AAA,01t1e000002AwjtAAC
8021etest003hylAAA,01t1e000002AwS3AAK
8021etest003hymAAA,01t1e000002AwjtAAC
8021e0000003gyvAAA,01t1e000002AwS3AAK
8021e0000003gz0AAA,01t1e000002AwjtAAC
8021e0000003hylAAA,01t1e000002AwS3AAK
8021e0000003hymAAA,01t1e000002AwjtAAC
8021e0000003gyvAAA,01t1e000002AwS3AAK
8021e0000003gz0AAA,01t1e000002AwjtAAC
8021e0000003hylAAA,01t1e000002AwS3AAK
8021e0000003hymAAA,01t1e000002AwjtAAC
8021e0000003gyvAAA,01t1e000002AwS3AAK
8021e0000003gz0AAA,01t1e000002AwjtAAC
8021e0000003hylAAA,01t1e000002AwS3AAK
8021e0000003hymAAA,01t1e000002AwjtAAC
