Success,,0011e00000obct6AAA,CC1,PIA,1,23-04-2024-12-52
Success,,0011e00000obfUfAAI,CC10,Net 10,10,23-04-2024-12-52
Success,,0011e00000obfW7AAI,CC100,Net 7,100,23-04-2024-12-52
Success,,0011e00000obfW8AAI,CC101,Net 10,101,23-04-2024-12-52
Success,,0011e00000obfW9AAI,CC102,Net 30,102,23-04-2024-12-52
Success,,0011e00000obfWAAAY,CC103,Net 60,103,23-04-2024-12-52
Success,,0011e00000obfWBAAY,CC104,Net 90,104,23-04-2024-12-52
Success,,0011e00000obfWCAAY,CC105,EOM,105,23-04-2024-12-52
Success,,0011e00000obfWDAAY,CC106,PIA,106,23-04-2024-12-52
Success,,0011e00000obfWEAAY,CC107,Net 7,107,23-04-2024-12-52
Success,,0011e00000obfWFAAY,CC108,Net 10,108,23-04-2024-12-52
Success,,0011e00000obfWGAAY,CC109,Net 30,109,23-04-2024-12-52
Success,,0011e00000obfUgAAI,CC11,Net 30,11,23-04-2024-12-52
Success,,0011e00000obfWHAAY,CC110,Net 60,110,23-04-2024-12-52
Success,,0011e00000obfWIAAY,CC111,Net 90,111,23-04-2024-12-52
Success,,0011e00000obfWJAAY,CC112,EOM,112,23-04-2024-12-52
Success,,0011e00000obfWKAAY,CC113,PIA,113,23-04-2024-12-52
Success,,0011e00000obfWLAAY,CC114,Net 7,114,23-04-2024-12-52
Success,,0011e00000obfWMAAY,CC115,Net 10,115,23-04-2024-12-52
Success,,0011e00000obfWNAAY,CC116,Net 30,116,23-04-2024-12-52
Success,,0011e00000obfWOAAY,CC117,Net 60,117,23-04-2024-12-52
Success,,0011e00000obfWPAAY,CC118,Net 90,118,23-04-2024-12-52
Success,,0011e00000obfWQAAY,CC119,EOM,119,23-04-2024-12-52
Success,,0011e00000obfUhAAI,CC12,Net 60,12,23-04-2024-12-52
Success,,0011e00000obfWRAAY,CC120,PIA,120,23-04-2024-12-52
Success,,0011e00000obfWSAAY,CC121,Net 7,121,23-04-2024-12-52
Success,,0011e00000obfWTAAY,CC122,Net 10,122,23-04-2024-12-52
Success,,0011e00000obfWUAAY,CC123,Net 30,123,23-04-2024-12-52
Success,,0011e00000obfWVAAY,CC124,Net 60,124,23-04-2024-12-52
Success,,0011e00000obfWWAAY,CC125,Net 90,125,23-04-2024-12-52
Success,,0011e00000obfWXAAY,CC126,EOM,126,23-04-2024-12-52
Success,,0011e00000obfWYAAY,CC127,PIA,127,23-04-2024-12-52
Success,,0011e00000obfWZAAY,CC128,Net 7,128,23-04-2024-12-52
Success,,0011e00000obfWaAAI,CC129,Net 10,129,23-04-2024-12-52
Success,,0011e00000obfUiAAI,CC13,Net 90,13,23-04-2024-12-52
Success,,0011e00000obfWbAAI,CC130,Net 30,130,23-04-2024-12-52
Success,,0011e00000obfWcAAI,CC131,Net 60,131,23-04-2024-12-52
Success,,0011e00000obfWdAAI,CC132,Net 90,132,23-04-2024-12-52
Success,,0011e00000obfWeAAI,CC133,EOM,133,23-04-2024-12-52
Success,,0011e00000obfWfAAI,CC134,PIA,134,23-04-2024-12-52
Success,,0011e00000obfWgAAI,CC135,Net 7,135,23-04-2024-12-52
Success,,0011e00000obfWhAAI,CC136,Net 10,136,23-04-2024-12-52
Success,,0011e00000obfWiAAI,CC137,Net 30,137,23-04-2024-12-52
Success,,0011e00000obfWjAAI,CC138,Net 60,138,23-04-2024-12-52
Success,,0011e00000obfWkAAI,CC139,Net 90,139,23-04-2024-12-52
Success,,0011e00000obfUjAAI,CC14,EOM,14,23-04-2024-12-52
Success,,0011e00000obfWlAAI,CC140,EOM,140,23-04-2024-12-52
Success,,0011e00000obfWmAAI,CC141,PIA,141,23-04-2024-12-52
Success,,0011e00000obfWnAAI,CC142,Net 7,142,23-04-2024-12-52
Success,,0011e00000obfWoAAI,CC143,Net 10,143,23-04-2024-12-52
Success,,0011e00000obfWpAAI,CC144,Net 30,144,23-04-2024-12-52
Success,,0011e00000obfWqAAI,CC145,Net 60,145,23-04-2024-12-52
Success,,0011e00000obfWrAAI,CC146,Net 90,146,23-04-2024-12-52
Success,,0011e00000obfWsAAI,CC147,EOM,147,23-04-2024-12-52
Success,,0011e00000obfWtAAI,CC148,PIA,148,23-04-2024-12-52
Success,,0011e00000obfWuAAI,CC149,Net 7,149,23-04-2024-12-52
Success,,0011e00000obfUkAAI,CC15,PIA,15,23-04-2024-12-52
Success,,0011e00000obfWvAAI,CC150,Net 10,150,23-04-2024-12-52
Success,,0011e00000obfWwAAI,CC151,Net 30,151,23-04-2024-12-52
Success,,0011e00000obfWxAAI,CC152,Net 60,152,23-04-2024-12-52
Success,,0011e00000obfWyAAI,CC153,Net 90,153,23-04-2024-12-52
Success,,0011e00000obfWzAAI,CC154,EOM,154,23-04-2024-12-52
Success,,0011e00000obfX0AAI,CC155,PIA,155,23-04-2024-12-52
Success,,0011e00000obfX1AAI,CC156,Net 7,156,23-04-2024-12-52
Success,,0011e00000obfX2AAI,CC157,Net 10,157,23-04-2024-12-52
Success,,0011e00000obfX3AAI,CC158,Net 30,158,23-04-2024-12-52
Success,,0011e00000obfX4AAI,CC159,Net 60,159,23-04-2024-12-52
Success,,0011e00000obfUlAAI,CC16,Net 7,16,23-04-2024-12-52
Success,,0011e00000obfX5AAI,CC160,Net 90,160,23-04-2024-12-52
Success,,0011e00000obfX6AAI,CC161,EOM,161,23-04-2024-12-52
Success,,0011e00000obfX7AAI,CC162,PIA,162,23-04-2024-12-52
Success,,0011e00000obfX8AAI,CC163,Net 7,163,23-04-2024-12-52
Success,,0011e00000obfX9AAI,CC164,Net 10,164,23-04-2024-12-52
Success,,0011e00000obfXAAAY,CC165,Net 30,165,23-04-2024-12-52
Success,,0011e00000obfXBAAY,CC166,Net 60,166,23-04-2024-12-52
Success,,0011e00000obfXCAAY,CC167,Net 90,167,23-04-2024-12-52
Success,,0011e00000obfXDAAY,CC168,EOM,168,23-04-2024-12-52
Success,,0011e00000obfXEAAY,CC169,PIA,169,23-04-2024-12-52
Success,,0011e00000obfUmAAI,CC17,Net 10,17,23-04-2024-12-52
Success,,0011e00000obfXFAAY,CC170,Net 7,170,23-04-2024-12-52
Success,,0011e00000obfXGAAY,CC171,Net 10,171,23-04-2024-12-52
Success,,0011e00000obfXHAAY,CC172,Net 30,172,23-04-2024-12-52
Success,,0011e00000obfXIAAY,CC173,Net 60,173,23-04-2024-12-52
Success,,0011e00000obfXJAAY,CC174,Net 90,174,23-04-2024-12-52
Success,,0011e00000obfXKAAY,CC175,EOM,175,23-04-2024-12-52
Success,,0011e00000obfXLAAY,CC176,PIA,176,23-04-2024-12-52
Success,,0011e00000obfXMAAY,CC177,Net 7,177,23-04-2024-12-52
Success,,0011e00000obfXNAAY,CC178,Net 10,178,23-04-2024-12-52
Success,,0011e00000obfXOAAY,CC179,Net 30,179,23-04-2024-12-52
Success,,0011e00000obfUnAAI,CC18,Net 30,18,23-04-2024-12-52
Success,,0011e00000obfXPAAY,CC180,Net 60,180,23-04-2024-12-52
Success,,0011e00000obfXQAAY,CC181,Net 90,181,23-04-2024-12-52
Success,,0011e00000obfXRAAY,CC182,EOM,182,23-04-2024-12-52
Success,,0011e00000obfXSAAY,CC183,PIA,183,23-04-2024-12-52
Success,,0011e00000obfXTAAY,CC184,Net 7,184,23-04-2024-12-52
Success,,0011e00000obfXUAAY,CC185,Net 10,185,23-04-2024-12-52
Success,,0011e00000obfXVAAY,CC186,Net 30,186,23-04-2024-12-52
Success,,0011e00000obfXWAAY,CC187,Net 60,187,23-04-2024-12-52
Success,,0011e00000obfXXAAY,CC188,Net 90,188,23-04-2024-12-52
Success,,0011e00000obfXYAAY,CC189,EOM,189,23-04-2024-12-52
Success,,0011e00000obfUoAAI,CC19,Net 60,19,23-04-2024-12-52
Success,,0011e00000obfXZAAY,CC190,PIA,190,23-04-2024-12-52
Success,,0011e00000obfXaAAI,CC191,Net 7,191,23-04-2024-12-52
Success,,0011e00000obfXbAAI,CC192,Net 10,192,23-04-2024-12-52
Success,,0011e00000obfXcAAI,CC193,Net 30,193,23-04-2024-12-52
Success,,0011e00000obfXdAAI,CC194,Net 60,194,23-04-2024-12-52
Success,,0011e00000obfXeAAI,CC195,Net 90,195,23-04-2024-12-52
Success,,0011e00000obfXfAAI,CC196,EOM,196,23-04-2024-12-52
Success,,0011e00000obfXgAAI,CC197,PIA,197,23-04-2024-12-52
Success,,0011e00000obfXhAAI,CC198,Net 7,198,23-04-2024-12-52
Success,,0011e00000obfXiAAI,CC199,Net 10,199,23-04-2024-12-52
Success,,0011e00000obfUXAAY,CC2,Net 7,2,23-04-2024-12-52
Success,,0011e00000obfUpAAI,CC20,Net 90,20,23-04-2024-12-52
Success,,0011e00000obfXjAAI,CC200,Net 30,200,23-04-2024-12-52
Success,,0011e00000obfXkAAI,CC201,Net 60,201,23-04-2024-12-52
Success,,0011e00000obfXlAAI,CC202,Net 90,202,23-04-2024-12-52
Success,,0011e00000obfXmAAI,CC203,EOM,203,23-04-2024-12-52
Success,,0011e00000obfXnAAI,CC204,PIA,204,23-04-2024-12-52
Success,,0011e00000obfXoAAI,CC205,Net 7,205,23-04-2024-12-52
Success,,0011e00000obfXpAAI,CC206,Net 10,206,23-04-2024-12-52
Success,,0011e00000obfXqAAI,CC207,Net 30,207,23-04-2024-12-52
Success,,0011e00000obfXrAAI,CC208,Net 60,208,23-04-2024-12-52
Success,,0011e00000obfXsAAI,CC209,Net 90,209,23-04-2024-12-52
Success,,0011e00000obfUqAAI,CC21,EOM,21,23-04-2024-12-52
Success,,0011e00000obfXtAAI,CC210,EOM,210,23-04-2024-12-52
Success,,0011e00000obfXuAAI,CC211,PIA,211,23-04-2024-12-52
Success,,0011e00000obfXvAAI,CC212,Net 7,212,23-04-2024-12-52
Success,,0011e00000obfXwAAI,CC213,Net 10,213,23-04-2024-12-52
Success,,0011e00000obfXxAAI,CC214,Net 30,214,23-04-2024-12-52
Success,,0011e00000obfXyAAI,CC215,Net 60,215,23-04-2024-12-52
Success,,0011e00000obfXzAAI,CC216,Net 90,216,23-04-2024-12-52
Success,,0011e00000obfY0AAI,CC217,EOM,217,23-04-2024-12-52
Success,,0011e00000obfY1AAI,CC218,PIA,218,23-04-2024-12-52
Success,,0011e00000obfY2AAI,CC219,Net 7,219,23-04-2024-12-52
Success,,0011e00000obfUrAAI,CC22,PIA,22,23-04-2024-12-52
Success,,0011e00000obfY3AAI,CC220,Net 10,220,23-04-2024-12-52
Success,,0011e00000obfY4AAI,CC221,Net 30,221,23-04-2024-12-52
Success,,0011e00000obfY5AAI,CC222,Net 60,222,23-04-2024-12-52
Success,,0011e00000obfY6AAI,CC223,Net 90,223,23-04-2024-12-52
Success,,0011e00000obfY7AAI,CC224,EOM,224,23-04-2024-12-52
Success,,0011e00000obfY8AAI,CC225,PIA,225,23-04-2024-12-52
Success,,0011e00000obfY9AAI,CC226,Net 7,226,23-04-2024-12-52
Success,,0011e00000obfYAAAY,CC227,Net 10,227,23-04-2024-12-52
Success,,0011e00000obfYBAAY,CC228,Net 30,228,23-04-2024-12-52
Success,,0011e00000obfYCAAY,CC229,Net 60,229,23-04-2024-12-52
Success,,0011e00000obfUsAAI,CC23,Net 7,23,23-04-2024-12-52
Success,,0011e00000obfYDAAY,CC230,Net 90,230,23-04-2024-12-52
Success,,0011e00000obfYEAAY,CC231,EOM,231,23-04-2024-12-52
Success,,0011e00000obfYFAAY,CC232,PIA,232,23-04-2024-12-52
Success,,0011e00000obfYGAAY,CC233,Net 7,233,23-04-2024-12-52
Success,,0011e00000obfYHAAY,CC234,Net 10,234,23-04-2024-12-52
Success,,0011e00000obfYIAAY,CC235,Net 30,235,23-04-2024-12-52
Success,,0011e00000obfYJAAY,CC236,Net 60,236,23-04-2024-12-52
Success,,0011e00000obfYKAAY,CC237,Net 90,237,23-04-2024-12-52
Success,,0011e00000obfYLAAY,CC238,EOM,238,23-04-2024-12-52
Success,,0011e00000obfYMAAY,CC239,PIA,239,23-04-2024-12-52
Success,,0011e00000obfUtAAI,CC24,Net 10,24,23-04-2024-12-52
Success,,0011e00000obfYNAAY,CC240,Net 7,240,23-04-2024-12-52
Success,,0011e00000obfYOAAY,CC241,Net 10,241,23-04-2024-12-52
Success,,0011e00000obfYPAAY,CC242,Net 30,242,23-04-2024-12-52
Success,,0011e00000obfYQAAY,CC243,Net 60,243,23-04-2024-12-52
Success,,0011e00000obfYRAAY,CC244,Net 90,244,23-04-2024-12-52
Success,,0011e00000obfYSAAY,CC245,EOM,245,23-04-2024-12-52
Success,,0011e00000obfYTAAY,CC246,PIA,246,23-04-2024-12-52
Success,,0011e00000obfYUAAY,CC247,Net 7,247,23-04-2024-12-52
Success,,0011e00000obfYVAAY,CC248,Net 10,248,23-04-2024-12-52
Success,,0011e00000obfYWAAY,CC249,Net 30,249,23-04-2024-12-52
Success,,0011e00000obfUuAAI,CC25,Net 30,25,23-04-2024-12-52
Success,,0011e00000obfYXAAY,CC250,Net 60,250,23-04-2024-12-52
Success,,0011e00000obfYYAAY,CC251,Net 90,251,23-04-2024-12-52
Success,,0011e00000obfYZAAY,CC252,EOM,252,23-04-2024-12-52
Success,,0011e00000obfYaAAI,CC253,PIA,253,23-04-2024-12-52
Success,,0011e00000obfYbAAI,CC254,Net 7,254,23-04-2024-12-52
Success,,0011e00000obfYcAAI,CC255,Net 10,255,23-04-2024-12-52
Success,,0011e00000obfYdAAI,CC256,Net 30,256,23-04-2024-12-52
Success,,0011e00000obfYeAAI,CC257,Net 60,257,23-04-2024-12-52
Success,,0011e00000obfYfAAI,CC258,Net 90,258,23-04-2024-12-52
Success,,0011e00000obfYgAAI,CC259,EOM,259,23-04-2024-12-52
Success,,0011e00000obfUvAAI,CC26,Net 60,26,23-04-2024-12-52
Success,,0011e00000obfYhAAI,CC260,PIA,260,23-04-2024-12-52
Success,,0011e00000obfYiAAI,CC261,Net 7,261,23-04-2024-12-52
Success,,0011e00000obfYjAAI,CC262,Net 10,262,23-04-2024-12-52
Success,,0011e00000obfYkAAI,CC263,Net 30,263,23-04-2024-12-52
Success,,0011e00000obfYlAAI,CC264,Net 60,264,23-04-2024-12-52
Success,,0011e00000obfYmAAI,CC265,Net 90,265,23-04-2024-12-52
Success,,0011e00000obfYnAAI,CC266,EOM,266,23-04-2024-12-52
Success,,0011e00000obfYoAAI,CC267,PIA,267,23-04-2024-12-52
Success,,0011e00000obfYpAAI,CC268,Net 7,268,23-04-2024-12-52
Success,,0011e00000obfYqAAI,CC269,Net 10,269,23-04-2024-12-52
Success,,0011e00000obfUwAAI,CC27,Net 90,27,23-04-2024-12-52
Success,,0011e00000obfYrAAI,CC270,Net 30,270,23-04-2024-12-52
Success,,0011e00000obfYsAAI,CC271,Net 60,271,23-04-2024-12-52
Success,,0011e00000obfYtAAI,CC272,Net 90,272,23-04-2024-12-52
Success,,0011e00000obfYuAAI,CC273,EOM,273,23-04-2024-12-52
Success,,0011e00000obfYvAAI,CC274,PIA,274,23-04-2024-12-52
Success,,0011e00000obfYwAAI,CC275,Net 7,275,23-04-2024-12-52
Success,,0011e00000obfYxAAI,CC276,Net 10,276,23-04-2024-12-52
Success,,0011e00000obfYyAAI,CC277,Net 30,277,23-04-2024-12-52
Success,,0011e00000obfYzAAI,CC278,Net 60,278,23-04-2024-12-52
Success,,0011e00000obfZ0AAI,CC279,Net 90,279,23-04-2024-12-52
Success,,0011e00000obfUxAAI,CC28,EOM,28,23-04-2024-12-52
Success,,0011e00000obfZ1AAI,CC280,EOM,280,23-04-2024-12-52
Success,,0011e00000obfZ2AAI,CC281,PIA,281,23-04-2024-12-52
Success,,0011e00000obfZ3AAI,CC282,Net 7,282,23-04-2024-12-52
Success,,0011e00000obfZ4AAI,CC283,Net 10,283,23-04-2024-12-52
Success,,0011e00000obfZ5AAI,CC284,Net 30,284,23-04-2024-12-52
Success,,0011e00000obfZ6AAI,CC285,Net 60,285,23-04-2024-12-52
Success,,0011e00000obfZ7AAI,CC286,Net 90,286,23-04-2024-12-52
Success,,0011e00000obfZ8AAI,CC287,EOM,287,23-04-2024-12-52
Success,,0011e00000obfZ9AAI,CC288,PIA,288,23-04-2024-12-52
Success,,0011e00000obfZAAAY,CC289,Net 7,289,23-04-2024-12-52
Success,,0011e00000obfUyAAI,CC29,PIA,29,23-04-2024-12-52
Success,,0011e00000obfZBAAY,CC290,Net 10,290,23-04-2024-12-52
Success,,0011e00000obfZCAAY,CC291,Net 30,291,23-04-2024-12-52
Success,,0011e00000obfZDAAY,CC292,Net 60,292,23-04-2024-12-52
Success,,0011e00000obfZEAAY,CC293,Net 90,293,23-04-2024-12-52
Success,,0011e00000obfZFAAY,CC294,EOM,294,23-04-2024-12-52
Success,,0011e00000obfZGAAY,CC295,PIA,295,23-04-2024-12-52
Success,,0011e00000obfZHAAY,CC296,Net 7,296,23-04-2024-12-52
Success,,0011e00000obfZIAAY,CC297,Net 10,297,23-04-2024-12-52
Success,,0011e00000obfZJAAY,CC298,Net 30,298,23-04-2024-12-52
Success,,0011e00000obfZKAAY,CC299,Net 60,299,23-04-2024-12-52
Success,,0011e00000obfUYAAY,CC3,Net 10,3,23-04-2024-12-52
Success,,0011e00000obfUzAAI,CC30,Net 7,30,23-04-2024-12-52
Success,,0011e00000obfZLAAY,CC300,Net 90,300,23-04-2024-12-52
Success,,0011e00000obfZMAAY,CC301,EOM,301,23-04-2024-12-52
Success,,0011e00000obfZNAAY,CC302,PIA,302,23-04-2024-12-52
Success,,0011e00000obfZOAAY,CC303,Net 7,303,23-04-2024-12-52
Success,,0011e00000obfZPAAY,CC304,Net 10,304,23-04-2024-12-52
Success,,0011e00000obfZQAAY,CC305,Net 30,305,23-04-2024-12-52
Success,,0011e00000obfZRAAY,CC306,Net 60,306,23-04-2024-12-52
Success,,0011e00000obfZSAAY,CC307,Net 90,307,23-04-2024-12-52
Success,,0011e00000obfZTAAY,CC308,EOM,308,23-04-2024-12-52
Success,,0011e00000obfZUAAY,CC309,PIA,309,23-04-2024-12-52
Success,,0011e00000obfV0AAI,CC31,Net 10,31,23-04-2024-12-52
Success,,0011e00000obfZVAAY,CC310,Net 7,310,23-04-2024-12-52
Success,,0011e00000obfZWAAY,CC311,Net 10,311,23-04-2024-12-52
Success,,0011e00000obfZXAAY,CC312,Net 30,312,23-04-2024-12-52
Success,,0011e00000obfZYAAY,CC313,Net 60,313,23-04-2024-12-52
Success,,0011e00000obfZZAAY,CC314,Net 90,314,23-04-2024-12-52
Success,,0011e00000obfZaAAI,CC315,EOM,315,23-04-2024-12-52
Success,,0011e00000obfZbAAI,CC316,PIA,316,23-04-2024-12-52
Success,,0011e00000obfZcAAI,CC317,Net 7,317,23-04-2024-12-52
Success,,0011e00000obfZdAAI,CC318,Net 10,318,23-04-2024-12-52
Success,,0011e00000obfZeAAI,CC319,Net 30,319,23-04-2024-12-52
Success,,0011e00000obfV1AAI,CC32,Net 30,32,23-04-2024-12-52
Success,,0011e00000obfZfAAI,CC320,Net 60,320,23-04-2024-12-52
Success,,0011e00000obfZgAAI,CC321,Net 90,321,23-04-2024-12-52
Success,,0011e00000obfZhAAI,CC322,EOM,322,23-04-2024-12-52
Success,,0011e00000obfZiAAI,CC323,PIA,323,23-04-2024-12-52
Success,,0011e00000obfZjAAI,CC324,Net 7,324,23-04-2024-12-52
Success,,0011e00000obfZkAAI,CC325,Net 10,325,23-04-2024-12-52
Success,,0011e00000obfZlAAI,CC326,Net 30,326,23-04-2024-12-52
Success,,0011e00000obfZmAAI,CC327,Net 60,327,23-04-2024-12-52
Success,,0011e00000obfZnAAI,CC328,Net 90,328,23-04-2024-12-52
Success,,0011e00000obfZoAAI,CC329,EOM,329,23-04-2024-12-52
Success,,0011e00000obfV2AAI,CC33,Net 60,33,23-04-2024-12-52
Success,,0011e00000obfZpAAI,CC330,PIA,330,23-04-2024-12-52
Success,,0011e00000obfZqAAI,CC331,Net 7,331,23-04-2024-12-52
Success,,0011e00000obfZrAAI,CC332,Net 10,332,23-04-2024-12-52
Success,,0011e00000obfZsAAI,CC333,Net 30,333,23-04-2024-12-52
Success,,0011e00000obfZtAAI,CC334,Net 60,334,23-04-2024-12-52
Success,,0011e00000obfZuAAI,CC335,Net 90,335,23-04-2024-12-52
Success,,0011e00000obfZvAAI,CC336,EOM,336,23-04-2024-12-52
Success,,0011e00000obfZwAAI,CC337,PIA,337,23-04-2024-12-52
Success,,0011e00000obfZxAAI,CC338,Net 7,338,23-04-2024-12-52
Success,,0011e00000obfZyAAI,CC339,Net 10,339,23-04-2024-12-52
Success,,0011e00000obfV3AAI,CC34,Net 90,34,23-04-2024-12-52
Success,,0011e00000obfZzAAI,CC340,Net 30,340,23-04-2024-12-52
Success,,0011e00000obfa0AAA,CC341,Net 60,341,23-04-2024-12-52
Success,,0011e00000obfa1AAA,CC342,Net 90,342,23-04-2024-12-52
Success,,0011e00000obfa2AAA,CC343,EOM,343,23-04-2024-12-52
Success,,0011e00000obfa3AAA,CC344,PIA,344,23-04-2024-12-52
Success,,0011e00000obfa4AAA,CC345,Net 7,345,23-04-2024-12-52
Success,,0011e00000obfa5AAA,CC346,Net 10,346,23-04-2024-12-52
Success,,0011e00000obfa6AAA,CC347,Net 30,347,23-04-2024-12-52
Success,,0011e00000obfa7AAA,CC348,Net 60,348,23-04-2024-12-52
Success,,0011e00000obfa8AAA,CC349,Net 90,349,23-04-2024-12-52
Success,,0011e00000obfV4AAI,CC35,EOM,35,23-04-2024-12-52
Success,,0011e00000obfa9AAA,CC350,EOM,350,23-04-2024-12-52
Success,,0011e00000obfaAAAQ,CC351,PIA,351,23-04-2024-12-52
Success,,0011e00000obfaBAAQ,CC352,Net 7,352,23-04-2024-12-52
Success,,0011e00000obfaCAAQ,CC353,Net 10,353,23-04-2024-12-52
Success,,0011e00000obfaDAAQ,CC354,Net 30,354,23-04-2024-12-52
Success,,0011e00000obfaEAAQ,CC355,Net 60,355,23-04-2024-12-52
Success,,0011e00000obfaFAAQ,CC356,Net 90,356,23-04-2024-12-52
Success,,0011e00000obfaGAAQ,CC357,EOM,357,23-04-2024-12-52
Success,,0011e00000obfaHAAQ,CC358,PIA,358,23-04-2024-12-52
Success,,0011e00000obfaIAAQ,CC359,Net 7,359,23-04-2024-12-52
Success,,0011e00000obfV5AAI,CC36,PIA,36,23-04-2024-12-52
Success,,0011e00000obfaJAAQ,CC360,Net 10,360,23-04-2024-12-52
Success,,0011e00000obfaKAAQ,CC361,Net 30,361,23-04-2024-12-52
Success,,0011e00000obfaLAAQ,CC362,Net 60,362,23-04-2024-12-52
Success,,0011e00000obfaMAAQ,CC363,Net 90,363,23-04-2024-12-52
Success,,0011e00000obfaNAAQ,CC364,EOM,364,23-04-2024-12-52
Success,,0011e00000obfaOAAQ,CC365,PIA,365,23-04-2024-12-52
Success,,0011e00000obfaPAAQ,CC366,Net 7,366,23-04-2024-12-52
Success,,0011e00000obfaQAAQ,CC367,Net 10,367,23-04-2024-12-52
Success,,0011e00000obfaRAAQ,CC368,Net 30,368,23-04-2024-12-52
Success,,0011e00000obfaSAAQ,CC369,Net 60,369,23-04-2024-12-52
Success,,0011e00000obfV6AAI,CC37,Net 7,37,23-04-2024-12-52
Success,,0011e00000obfaTAAQ,CC370,Net 90,370,23-04-2024-12-52
Success,,0011e00000obfaUAAQ,CC371,EOM,371,23-04-2024-12-52
Success,,0011e00000obfaVAAQ,CC372,PIA,372,23-04-2024-12-52
Success,,0011e00000obfaWAAQ,CC373,Net 7,373,23-04-2024-12-52
Success,,0011e00000obfaXAAQ,CC374,Net 10,374,23-04-2024-12-52
Success,,0011e00000obfaYAAQ,CC375,Net 30,375,23-04-2024-12-52
Success,,0011e00000obfaZAAQ,CC376,Net 60,376,23-04-2024-12-52
Success,,0011e00000obfaaAAA,CC377,Net 90,377,23-04-2024-12-52
Success,,0011e00000obfabAAA,CC378,EOM,378,23-04-2024-12-52
Success,,0011e00000obfacAAA,CC379,PIA,379,23-04-2024-12-52
Success,,0011e00000obfV7AAI,CC38,Net 10,38,23-04-2024-12-52
Success,,0011e00000obfadAAA,CC380,Net 7,380,23-04-2024-12-52
Success,,0011e00000obfaeAAA,CC381,Net 10,381,23-04-2024-12-52
Success,,0011e00000obfafAAA,CC382,Net 30,382,23-04-2024-12-52
Success,,0011e00000obfagAAA,CC383,Net 60,383,23-04-2024-12-52
Success,,0011e00000obfahAAA,CC384,Net 90,384,23-04-2024-12-52
Success,,0011e00000obfaiAAA,CC385,EOM,385,23-04-2024-12-52
Success,,0011e00000obfajAAA,CC386,PIA,386,23-04-2024-12-52
Success,,0011e00000obfakAAA,CC387,Net 7,387,23-04-2024-12-52
Success,,0011e00000obfalAAA,CC388,Net 10,388,23-04-2024-12-52
Success,,0011e00000obfamAAA,CC389,Net 30,389,23-04-2024-12-52
Success,,0011e00000obfV8AAI,CC39,Net 30,39,23-04-2024-12-52
Success,,0011e00000obfanAAA,CC390,Net 60,390,23-04-2024-12-52
Success,,0011e00000obfaoAAA,CC391,Net 90,391,23-04-2024-12-52
Success,,0011e00000obfapAAA,CC392,EOM,392,23-04-2024-12-52
Success,,0011e00000obfaqAAA,CC393,PIA,393,23-04-2024-12-52
Success,,0011e00000obfarAAA,CC394,Net 7,394,23-04-2024-12-52
Success,,0011e00000obfasAAA,CC395,Net 10,395,23-04-2024-12-52
Success,,0011e00000obfatAAA,CC396,Net 30,396,23-04-2024-12-52
Success,,0011e00000obfauAAA,CC397,Net 60,397,23-04-2024-12-52
Success,,0011e00000obfavAAA,CC398,Net 90,398,23-04-2024-12-52
Success,,0011e00000obfawAAA,CC399,EOM,399,23-04-2024-12-52
Success,,0011e00000obfUZAAY,CC4,Net 30,4,23-04-2024-12-52
Success,,0011e00000obfV9AAI,CC40,Net 60,40,23-04-2024-12-52
Success,,0011e00000obfaxAAA,CC400,PIA,400,23-04-2024-12-52
Success,,0011e00000obfayAAA,CC401,Net 7,401,23-04-2024-12-52
Success,,0011e00000obfazAAA,CC402,Net 10,402,23-04-2024-12-52
Success,,0011e00000obfb0AAA,CC403,Net 30,403,23-04-2024-12-52
Success,,0011e00000obfb1AAA,CC404,Net 60,404,23-04-2024-12-52
Success,,0011e00000obfb2AAA,CC405,Net 90,405,23-04-2024-12-52
Success,,0011e00000obfb3AAA,CC406,EOM,406,23-04-2024-12-52
Success,,0011e00000obfb4AAA,CC407,PIA,407,23-04-2024-12-52
Success,,0011e00000obfb5AAA,CC408,Net 7,408,23-04-2024-12-52
Success,,0011e00000obfb6AAA,CC409,Net 10,409,23-04-2024-12-52
Success,,0011e00000obfVAAAY,CC41,Net 90,41,23-04-2024-12-52
Success,,0011e00000obfb7AAA,CC410,Net 30,410,23-04-2024-12-52
Success,,0011e00000obfb8AAA,CC411,Net 60,411,23-04-2024-12-52
Success,,0011e00000obfb9AAA,CC412,Net 90,412,23-04-2024-12-52
Success,,0011e00000obfbAAAQ,CC413,EOM,413,23-04-2024-12-52
Success,,0011e00000obfbBAAQ,CC414,PIA,414,23-04-2024-12-52
Success,,0011e00000obfbCAAQ,CC415,Net 7,415,23-04-2024-12-52
Success,,0011e00000obfbDAAQ,CC416,Net 10,416,23-04-2024-12-52
Success,,0011e00000obfbEAAQ,CC417,Net 30,417,23-04-2024-12-52
Success,,0011e00000obfbFAAQ,CC418,Net 60,418,23-04-2024-12-52
Success,,0011e00000obfbGAAQ,CC419,Net 90,419,23-04-2024-12-52
Success,,0011e00000obfVBAAY,CC42,EOM,42,23-04-2024-12-52
Success,,0011e00000obfbHAAQ,CC420,EOM,420,23-04-2024-12-52
Success,,0011e00000obfbIAAQ,CC421,PIA,421,23-04-2024-12-52
Success,,0011e00000obfbJAAQ,CC422,Net 7,422,23-04-2024-12-52
Success,,0011e00000obfbKAAQ,CC423,Net 10,423,23-04-2024-12-52
Success,,0011e00000obfbLAAQ,CC424,Net 30,424,23-04-2024-12-52
Success,,0011e00000obfbMAAQ,CC425,Net 60,425,23-04-2024-12-52
Success,,0011e00000obfbNAAQ,CC426,Net 90,426,23-04-2024-12-52
Success,,0011e00000obfbOAAQ,CC427,EOM,427,23-04-2024-12-52
Success,,0011e00000obfbPAAQ,CC428,PIA,428,23-04-2024-12-52
Success,,0011e00000obfbQAAQ,CC429,Net 7,429,23-04-2024-12-52
Success,,0011e00000obfVCAAY,CC43,PIA,43,23-04-2024-12-52
Success,,0011e00000obfbRAAQ,CC430,Net 10,430,23-04-2024-12-52
Success,,0011e00000obfbSAAQ,CC431,Net 30,431,23-04-2024-12-52
Success,,0011e00000obfbTAAQ,CC432,Net 60,432,23-04-2024-12-52
Success,,0011e00000obfbUAAQ,CC433,Net 90,433,23-04-2024-12-52
Success,,0011e00000obfbVAAQ,CC434,EOM,434,23-04-2024-12-52
Success,,0011e00000obfbWAAQ,CC435,PIA,435,23-04-2024-12-52
Success,,0011e00000obfbXAAQ,CC436,Net 7,436,23-04-2024-12-52
Success,,0011e00000obfbYAAQ,CC437,Net 10,437,23-04-2024-12-52
Success,,0011e00000obfbZAAQ,CC438,Net 30,438,23-04-2024-12-52
Success,,0011e00000obfbaAAA,CC439,Net 60,439,23-04-2024-12-52
Success,,0011e00000obfVDAAY,CC44,Net 7,44,23-04-2024-12-52
Success,,0011e00000obfbbAAA,CC440,Net 90,440,23-04-2024-12-52
Success,,0011e00000obfbcAAA,CC441,EOM,441,23-04-2024-12-52
Success,,0011e00000obfbdAAA,CC442,PIA,442,23-04-2024-12-52
Success,,0011e00000obfbeAAA,CC443,Net 7,443,23-04-2024-12-52
Success,,0011e00000obfbfAAA,CC444,Net 10,444,23-04-2024-12-52
Success,,0011e00000obfbgAAA,CC445,Net 30,445,23-04-2024-12-52
Success,,0011e00000obfbhAAA,CC446,Net 60,446,23-04-2024-12-52
Success,,0011e00000obfbiAAA,CC447,Net 90,447,23-04-2024-12-52
Success,,0011e00000obfbjAAA,CC448,EOM,448,23-04-2024-12-52
Success,,0011e00000obfbkAAA,CC449,PIA,449,23-04-2024-12-52
Success,,0011e00000obfVEAAY,CC45,Net 10,45,23-04-2024-12-52
Success,,0011e00000obfblAAA,CC450,Net 7,450,23-04-2024-12-52
Success,,0011e00000obfbmAAA,CC451,Net 10,451,23-04-2024-12-52
Success,,0011e00000obfbnAAA,CC452,Net 30,452,23-04-2024-12-52
Success,,0011e00000obfboAAA,CC453,Net 60,453,23-04-2024-12-52
Success,,0011e00000obfbpAAA,CC454,Net 90,454,23-04-2024-12-52
Success,,0011e00000obfbqAAA,CC455,EOM,455,23-04-2024-12-52
Success,,0011e00000obfbrAAA,CC456,PIA,456,23-04-2024-12-52
Success,,0011e00000obfbsAAA,CC457,Net 7,457,23-04-2024-12-52
Success,,0011e00000obfbtAAA,CC458,Net 10,458,23-04-2024-12-52
Success,,0011e00000obfbuAAA,CC459,Net 30,459,23-04-2024-12-52
Success,,0011e00000obfVFAAY,CC46,Net 30,46,23-04-2024-12-52
Success,,0011e00000obfbvAAA,CC460,Net 60,460,23-04-2024-12-52
Success,,0011e00000obfbwAAA,CC461,Net 90,461,23-04-2024-12-52
Success,,0011e00000obfbxAAA,CC462,EOM,462,23-04-2024-12-52
Success,,0011e00000obfbyAAA,CC463,PIA,463,23-04-2024-12-52
Success,,0011e00000obfbzAAA,CC464,Net 7,464,23-04-2024-12-52
Success,,0011e00000obfc0AAA,CC465,Net 10,465,23-04-2024-12-52
Success,,0011e00000obfc1AAA,CC466,Net 30,466,23-04-2024-12-52
Success,,0011e00000obfc2AAA,CC467,Net 60,467,23-04-2024-12-52
Success,,0011e00000obfc3AAA,CC468,Net 90,468,23-04-2024-12-52
Success,,0011e00000obfc4AAA,CC469,EOM,469,23-04-2024-12-52
Success,,0011e00000obfVGAAY,CC47,Net 60,47,23-04-2024-12-52
Success,,0011e00000obfc5AAA,CC470,PIA,470,23-04-2024-12-52
Success,,0011e00000obfc6AAA,CC471,Net 7,471,23-04-2024-12-52
Success,,0011e00000obfc7AAA,CC472,Net 10,472,23-04-2024-12-52
Success,,0011e00000obfc8AAA,CC473,Net 30,473,23-04-2024-12-52
Success,,0011e00000obfc9AAA,CC474,Net 60,474,23-04-2024-12-52
Success,,0011e00000obfcAAAQ,CC475,Net 90,475,23-04-2024-12-52
Success,,0011e00000obfcBAAQ,CC476,EOM,476,23-04-2024-12-52
Success,,0011e00000obfcCAAQ,CC477,PIA,477,23-04-2024-12-52
Success,,0011e00000obfcDAAQ,CC478,Net 7,478,23-04-2024-12-52
Success,,0011e00000obfcEAAQ,CC479,Net 10,479,23-04-2024-12-52
Success,,0011e00000obfVHAAY,CC48,Net 90,48,23-04-2024-12-52
Success,,0011e00000obfcFAAQ,CC480,Net 30,480,23-04-2024-12-52
Success,,0011e00000obfcGAAQ,CC481,Net 60,481,23-04-2024-12-52
Success,,0011e00000obfcHAAQ,CC482,Net 90,482,23-04-2024-12-52
Success,,0011e00000obfcIAAQ,CC483,EOM,483,23-04-2024-12-52
Success,,0011e00000obfcJAAQ,CC484,PIA,484,23-04-2024-12-52
Success,,0011e00000obfcKAAQ,CC485,Net 7,485,23-04-2024-12-52
Success,,0011e00000obfcLAAQ,CC486,Net 10,486,23-04-2024-12-52
Success,,0011e00000obfcMAAQ,CC487,Net 30,487,23-04-2024-12-52
Success,,0011e00000obfcNAAQ,CC488,Net 60,488,23-04-2024-12-52
Success,,0011e00000obfcOAAQ,CC489,Net 90,489,23-04-2024-12-52
Success,,0011e00000obfVIAAY,CC49,EOM,49,23-04-2024-12-52
Success,,0011e00000obfcPAAQ,CC490,EOM,490,23-04-2024-12-52
Success,,0011e00000obfcQAAQ,CC491,PIA,491,23-04-2024-12-52
Success,,0011e00000obfcRAAQ,CC492,Net 7,492,23-04-2024-12-52
Success,,0011e00000obfcSAAQ,CC493,Net 10,493,23-04-2024-12-52
Success,,0011e00000obfcTAAQ,CC494,Net 30,494,23-04-2024-12-52
Success,,0011e00000obfcUAAQ,CC495,Net 60,495,23-04-2024-12-52
Success,,0011e00000obfcVAAQ,CC496,Net 90,496,23-04-2024-12-52
Success,,0011e00000obfcWAAQ,CC497,EOM,497,23-04-2024-12-52
Success,,0011e00000obfcXAAQ,CC498,PIA,498,23-04-2024-12-52
Success,,0011e00000obfcYAAQ,CC499,Net 7,499,23-04-2024-12-52
Success,,0011e00000obfUaAAI,CC5,Net 60,5,23-04-2024-12-52
Success,,0011e00000obfVJAAY,CC50,PIA,50,23-04-2024-12-52
Success,,0011e00000obfcZAAQ,CC500,Net 10,500,23-04-2024-12-52
Success,,0011e00000obfVKAAY,CC51,Net 7,51,23-04-2024-12-52
Success,,0011e00000obfVLAAY,CC52,Net 10,52,23-04-2024-12-52
Success,,0011e00000obfVMAAY,CC53,Net 30,53,23-04-2024-12-52
Success,,0011e00000obfVNAAY,CC54,Net 60,54,23-04-2024-12-52
Success,,0011e00000obfVOAAY,CC55,Net 90,55,23-04-2024-12-52
Success,,0011e00000obfVPAAY,CC56,EOM,56,23-04-2024-12-52
Success,,0011e00000obfVQAAY,CC57,PIA,57,23-04-2024-12-52
Success,,0011e00000obfVRAAY,CC58,Net 7,58,23-04-2024-12-52
Success,,0011e00000obfVSAAY,CC59,Net 10,59,23-04-2024-12-52
Success,,0011e00000obfUbAAI,CC6,Net 90,6,23-04-2024-12-52
Success,,0011e00000obfVTAAY,CC60,Net 30,60,23-04-2024-12-52
Success,,0011e00000obfVUAAY,CC61,Net 60,61,23-04-2024-12-52
Success,,0011e00000obfVVAAY,CC62,Net 90,62,23-04-2024-12-52
Success,,0011e00000obfVWAAY,CC63,EOM,63,23-04-2024-12-52
Success,,0011e00000obfVXAAY,CC64,PIA,64,23-04-2024-12-52
Success,,0011e00000obfVYAAY,CC65,Net 7,65,23-04-2024-12-52
Success,,0011e00000obfVZAAY,CC66,Net 10,66,23-04-2024-12-52
Success,,0011e00000obfVaAAI,CC67,Net 30,67,23-04-2024-12-52
Success,,0011e00000obfVbAAI,CC68,Net 60,68,23-04-2024-12-52
Success,,0011e00000obfVcAAI,CC69,Net 90,69,23-04-2024-12-52
Success,,0011e00000obfUcAAI,CC7,EOM,7,23-04-2024-12-52
Success,,0011e00000obfVdAAI,CC70,EOM,70,23-04-2024-12-52
Success,,0011e00000obfVeAAI,CC71,PIA,71,23-04-2024-12-52
Success,,0011e00000obfVfAAI,CC72,Net 7,72,23-04-2024-12-52
Success,,0011e00000obfVgAAI,CC73,Net 10,73,23-04-2024-12-52
Success,,0011e00000obfVhAAI,CC74,Net 30,74,23-04-2024-12-52
Success,,0011e00000obfViAAI,CC75,Net 60,75,23-04-2024-12-52
Success,,0011e00000obfVjAAI,CC76,Net 90,76,23-04-2024-12-52
Success,,0011e00000obfVkAAI,CC77,EOM,77,23-04-2024-12-52
Success,,0011e00000obfVlAAI,CC78,PIA,78,23-04-2024-12-52
Success,,0011e00000obfVmAAI,CC79,Net 7,79,23-04-2024-12-52
Success,,0011e00000obfUdAAI,CC8,PIA,8,23-04-2024-12-52
Success,,0011e00000obfVnAAI,CC80,Net 10,80,23-04-2024-12-52
Success,,0011e00000obfVoAAI,CC81,Net 30,81,23-04-2024-12-52
Success,,0011e00000obfVpAAI,CC82,Net 60,82,23-04-2024-12-52
Success,,0011e00000obfVqAAI,CC83,Net 90,83,23-04-2024-12-52
Success,,0011e00000obfVrAAI,CC84,EOM,84,23-04-2024-12-52
Success,,0011e00000obfVsAAI,CC85,PIA,85,23-04-2024-12-52
Success,,0011e00000obfVtAAI,CC86,Net 7,86,23-04-2024-12-52
Success,,0011e00000obfVuAAI,CC87,Net 10,87,23-04-2024-12-52
Success,,0011e00000obfVvAAI,CC88,Net 30,88,23-04-2024-12-52
Success,,0011e00000obfVwAAI,CC89,Net 60,89,23-04-2024-12-52
Success,,0011e00000obfUeAAI,CC9,Net 7,9,23-04-2024-12-52
Success,,0011e00000obfVxAAI,CC90,Net 90,90,23-04-2024-12-52
Success,,0011e00000obfVyAAI,CC91,EOM,91,23-04-2024-12-52
Success,,0011e00000obfVzAAI,CC92,PIA,92,23-04-2024-12-52
Success,,0011e00000obfW0AAI,CC93,Net 7,93,23-04-2024-12-52
Success,,0011e00000obfW1AAI,CC94,Net 10,94,23-04-2024-12-52
Success,,0011e00000obfW2AAI,CC95,Net 30,95,23-04-2024-12-52
Success,,0011e00000obfW3AAI,CC96,Net 60,96,23-04-2024-12-52
Success,,0011e00000obfW4AAI,CC97,Net 90,97,23-04-2024-12-52
Success,,0011e00000obfW5AAI,CC98,EOM,98,23-04-2024-12-52
Success,,0011e00000obfW6AAI,CC99,PIA,99,23-04-2024-12-52
Success,,0011e00000obfkdAAA,CC1000,Net 90,1000,23-04-2024-12-52
Success,,0011e00000obfcaAAA,CC501,Net 30,501,23-04-2024-12-52
Success,,0011e00000obfcbAAA,CC502,Net 60,502,23-04-2024-12-52
Success,,0011e00000obfccAAA,CC503,Net 90,503,23-04-2024-12-52
Success,,0011e00000obfcdAAA,CC504,EOM,504,23-04-2024-12-52
Success,,0011e00000obfceAAA,CC505,PIA,505,23-04-2024-12-52
Success,,0011e00000obfcfAAA,CC506,Net 7,506,23-04-2024-12-52
Success,,0011e00000obfcgAAA,CC507,Net 10,507,23-04-2024-12-52
Success,,0011e00000obfchAAA,CC508,Net 30,508,23-04-2024-12-52
Success,,0011e00000obfciAAA,CC509,Net 60,509,23-04-2024-12-52
Success,,0011e00000obfcjAAA,CC510,Net 90,510,23-04-2024-12-52
Success,,0011e00000obfckAAA,CC511,EOM,511,23-04-2024-12-52
Success,,0011e00000obfclAAA,CC512,PIA,512,23-04-2024-12-52
Success,,0011e00000obfcmAAA,CC513,Net 7,513,23-04-2024-12-52
Success,,0011e00000obfcnAAA,CC514,Net 10,514,23-04-2024-12-52
Success,,0011e00000obfcoAAA,CC515,Net 30,515,23-04-2024-12-52
Success,,0011e00000obfcpAAA,CC516,Net 60,516,23-04-2024-12-52
Success,,0011e00000obfcqAAA,CC517,Net 90,517,23-04-2024-12-52
Success,,0011e00000obfcrAAA,CC518,EOM,518,23-04-2024-12-52
Success,,0011e00000obfcsAAA,CC519,PIA,519,23-04-2024-12-52
Success,,0011e00000obfctAAA,CC520,Net 7,520,23-04-2024-12-52
Success,,0011e00000obfcuAAA,CC521,Net 10,521,23-04-2024-12-52
Success,,0011e00000obfcvAAA,CC522,Net 30,522,23-04-2024-12-52
Success,,0011e00000obfcwAAA,CC523,Net 60,523,23-04-2024-12-52
Success,,0011e00000obfcxAAA,CC524,Net 90,524,23-04-2024-12-52
Success,,0011e00000obfcyAAA,CC525,EOM,525,23-04-2024-12-52
Success,,0011e00000obfczAAA,CC526,PIA,526,23-04-2024-12-52
Success,,0011e00000obfd0AAA,CC527,Net 7,527,23-04-2024-12-52
Success,,0011e00000obfd1AAA,CC528,Net 10,528,23-04-2024-12-52
Success,,0011e00000obfd2AAA,CC529,Net 30,529,23-04-2024-12-52
Success,,0011e00000obfd3AAA,CC530,Net 60,530,23-04-2024-12-52
Success,,0011e00000obfd4AAA,CC531,Net 90,531,23-04-2024-12-52
Success,,0011e00000obfd5AAA,CC532,EOM,532,23-04-2024-12-52
Success,,0011e00000obfd6AAA,CC533,PIA,533,23-04-2024-12-52
Success,,0011e00000obfd7AAA,CC534,Net 7,534,23-04-2024-12-52
Success,,0011e00000obfd8AAA,CC535,Net 10,535,23-04-2024-12-52
Success,,0011e00000obfd9AAA,CC536,Net 30,536,23-04-2024-12-52
Success,,0011e00000obfdAAAQ,CC537,Net 60,537,23-04-2024-12-52
Success,,0011e00000obfdBAAQ,CC538,Net 90,538,23-04-2024-12-52
Success,,0011e00000obfdCAAQ,CC539,EOM,539,23-04-2024-12-52
Success,,0011e00000obfdDAAQ,CC540,PIA,540,23-04-2024-12-52
Success,,0011e00000obfdEAAQ,CC541,Net 7,541,23-04-2024-12-52
Success,,0011e00000obfdFAAQ,CC542,Net 10,542,23-04-2024-12-52
Success,,0011e00000obfdGAAQ,CC543,Net 30,543,23-04-2024-12-52
Success,,0011e00000obfdHAAQ,CC544,Net 60,544,23-04-2024-12-52
Success,,0011e00000obfdIAAQ,CC545,Net 90,545,23-04-2024-12-52
Success,,0011e00000obfdJAAQ,CC546,EOM,546,23-04-2024-12-52
Success,,0011e00000obfdKAAQ,CC547,PIA,547,23-04-2024-12-52
Success,,0011e00000obfdLAAQ,CC548,Net 7,548,23-04-2024-12-52
Success,,0011e00000obfdMAAQ,CC549,Net 10,549,23-04-2024-12-52
Success,,0011e00000obfdNAAQ,CC550,Net 30,550,23-04-2024-12-52
Success,,0011e00000obfdOAAQ,CC551,Net 60,551,23-04-2024-12-52
Success,,0011e00000obfdPAAQ,CC552,Net 90,552,23-04-2024-12-52
Success,,0011e00000obfdQAAQ,CC553,EOM,553,23-04-2024-12-52
Success,,0011e00000obfdRAAQ,CC554,PIA,554,23-04-2024-12-52
Success,,0011e00000obfdSAAQ,CC555,Net 7,555,23-04-2024-12-52
Success,,0011e00000obfdTAAQ,CC556,Net 10,556,23-04-2024-12-52
Success,,0011e00000obfdUAAQ,CC557,Net 30,557,23-04-2024-12-52
Success,,0011e00000obfdVAAQ,CC558,Net 60,558,23-04-2024-12-52
Success,,0011e00000obfdWAAQ,CC559,Net 90,559,23-04-2024-12-52
Success,,0011e00000obfdXAAQ,CC560,EOM,560,23-04-2024-12-52
Success,,0011e00000obfdYAAQ,CC561,PIA,561,23-04-2024-12-52
Success,,0011e00000obfdZAAQ,CC562,Net 7,562,23-04-2024-12-52
Success,,0011e00000obfdaAAA,CC563,Net 10,563,23-04-2024-12-52
Success,,0011e00000obfdbAAA,CC564,Net 30,564,23-04-2024-12-52
Success,,0011e00000obfdcAAA,CC565,Net 60,565,23-04-2024-12-52
Success,,0011e00000obfddAAA,CC566,Net 90,566,23-04-2024-12-52
Success,,0011e00000obfdeAAA,CC567,EOM,567,23-04-2024-12-52
Success,,0011e00000obfdfAAA,CC568,PIA,568,23-04-2024-12-52
Success,,0011e00000obfdgAAA,CC569,Net 7,569,23-04-2024-12-52
Success,,0011e00000obfdhAAA,CC570,Net 10,570,23-04-2024-12-52
Success,,0011e00000obfdiAAA,CC571,Net 30,571,23-04-2024-12-52
Success,,0011e00000obfdjAAA,CC572,Net 60,572,23-04-2024-12-52
Success,,0011e00000obfdkAAA,CC573,Net 90,573,23-04-2024-12-52
Success,,0011e00000obfdlAAA,CC574,EOM,574,23-04-2024-12-52
Success,,0011e00000obfdmAAA,CC575,PIA,575,23-04-2024-12-52
Success,,0011e00000obfdnAAA,CC576,Net 7,576,23-04-2024-12-52
Success,,0011e00000obfdoAAA,CC577,Net 10,577,23-04-2024-12-52
Success,,0011e00000obfdpAAA,CC578,Net 30,578,23-04-2024-12-52
Success,,0011e00000obfdqAAA,CC579,Net 60,579,23-04-2024-12-52
Success,,0011e00000obfdrAAA,CC580,Net 90,580,23-04-2024-12-52
Success,,0011e00000obfdsAAA,CC581,EOM,581,23-04-2024-12-52
Success,,0011e00000obfdtAAA,CC582,PIA,582,23-04-2024-12-52
Success,,0011e00000obfduAAA,CC583,Net 7,583,23-04-2024-12-52
Success,,0011e00000obfdvAAA,CC584,Net 10,584,23-04-2024-12-52
Success,,0011e00000obfdwAAA,CC585,Net 30,585,23-04-2024-12-52
Success,,0011e00000obfdxAAA,CC586,Net 60,586,23-04-2024-12-52
Success,,0011e00000obfdyAAA,CC587,Net 90,587,23-04-2024-12-52
Success,,0011e00000obfdzAAA,CC588,EOM,588,23-04-2024-12-52
Success,,0011e00000obfe0AAA,CC589,PIA,589,23-04-2024-12-52
Success,,0011e00000obfe1AAA,CC590,Net 7,590,23-04-2024-12-52
Success,,0011e00000obfe2AAA,CC591,Net 10,591,23-04-2024-12-52
Success,,0011e00000obfe3AAA,CC592,Net 30,592,23-04-2024-12-52
Success,,0011e00000obfe4AAA,CC593,Net 60,593,23-04-2024-12-52
Success,,0011e00000obfe5AAA,CC594,Net 90,594,23-04-2024-12-52
Success,,0011e00000obfe6AAA,CC595,EOM,595,23-04-2024-12-52
Success,,0011e00000obfe7AAA,CC596,PIA,596,23-04-2024-12-52
Success,,0011e00000obfe8AAA,CC597,Net 7,597,23-04-2024-12-52
Success,,0011e00000obfe9AAA,CC598,Net 10,598,23-04-2024-12-52
Success,,0011e00000obfeAAAQ,CC599,Net 30,599,23-04-2024-12-52
Success,,0011e00000obfeBAAQ,CC600,Net 60,600,23-04-2024-12-52
Success,,0011e00000obfeCAAQ,CC601,Net 90,601,23-04-2024-12-52
Success,,0011e00000obfeDAAQ,CC602,EOM,602,23-04-2024-12-52
Success,,0011e00000obfeEAAQ,CC603,PIA,603,23-04-2024-12-52
Success,,0011e00000obfeFAAQ,CC604,Net 7,604,23-04-2024-12-52
Success,,0011e00000obfeGAAQ,CC605,Net 10,605,23-04-2024-12-52
Success,,0011e00000obfeHAAQ,CC606,Net 30,606,23-04-2024-12-52
Success,,0011e00000obfeIAAQ,CC607,Net 60,607,23-04-2024-12-52
Success,,0011e00000obfeJAAQ,CC608,Net 90,608,23-04-2024-12-52
Success,,0011e00000obfeKAAQ,CC609,EOM,609,23-04-2024-12-52
Success,,0011e00000obfeLAAQ,CC610,PIA,610,23-04-2024-12-52
Success,,0011e00000obfeMAAQ,CC611,Net 7,611,23-04-2024-12-52
Success,,0011e00000obfeNAAQ,CC612,Net 10,612,23-04-2024-12-52
Success,,0011e00000obfeOAAQ,CC613,Net 30,613,23-04-2024-12-52
Success,,0011e00000obfePAAQ,CC614,Net 60,614,23-04-2024-12-52
Success,,0011e00000obfeQAAQ,CC615,Net 90,615,23-04-2024-12-52
Success,,0011e00000obfeRAAQ,CC616,EOM,616,23-04-2024-12-52
Success,,0011e00000obfeSAAQ,CC617,PIA,617,23-04-2024-12-52
Success,,0011e00000obfeTAAQ,CC618,Net 7,618,23-04-2024-12-52
Success,,0011e00000obfeUAAQ,CC619,Net 10,619,23-04-2024-12-52
Success,,0011e00000obfeVAAQ,CC620,Net 30,620,23-04-2024-12-52
Success,,0011e00000obfeWAAQ,CC621,Net 60,621,23-04-2024-12-52
Success,,0011e00000obfeXAAQ,CC622,Net 90,622,23-04-2024-12-52
Success,,0011e00000obfeYAAQ,CC623,EOM,623,23-04-2024-12-52
Success,,0011e00000obfeZAAQ,CC624,PIA,624,23-04-2024-12-52
Success,,0011e00000obfeaAAA,CC625,Net 7,625,23-04-2024-12-52
Success,,0011e00000obfebAAA,CC626,Net 10,626,23-04-2024-12-52
Success,,0011e00000obfecAAA,CC627,Net 30,627,23-04-2024-12-52
Success,,0011e00000obfedAAA,CC628,Net 60,628,23-04-2024-12-52
Success,,0011e00000obfeeAAA,CC629,Net 90,629,23-04-2024-12-52
Success,,0011e00000obfefAAA,CC630,EOM,630,23-04-2024-12-52
Success,,0011e00000obfegAAA,CC631,PIA,631,23-04-2024-12-52
Success,,0011e00000obfehAAA,CC632,Net 7,632,23-04-2024-12-52
Success,,0011e00000obfeiAAA,CC633,Net 10,633,23-04-2024-12-52
Success,,0011e00000obfejAAA,CC634,Net 30,634,23-04-2024-12-52
Success,,0011e00000obfekAAA,CC635,Net 60,635,23-04-2024-12-52
Success,,0011e00000obfelAAA,CC636,Net 90,636,23-04-2024-12-52
Success,,0011e00000obfemAAA,CC637,EOM,637,23-04-2024-12-52
Success,,0011e00000obfenAAA,CC638,PIA,638,23-04-2024-12-52
Success,,0011e00000obfeoAAA,CC639,Net 7,639,23-04-2024-12-52
Success,,0011e00000obfepAAA,CC640,Net 10,640,23-04-2024-12-52
Success,,0011e00000obfeqAAA,CC641,Net 30,641,23-04-2024-12-52
Success,,0011e00000obferAAA,CC642,Net 60,642,23-04-2024-12-52
Success,,0011e00000obfesAAA,CC643,Net 90,643,23-04-2024-12-52
Success,,0011e00000obfetAAA,CC644,EOM,644,23-04-2024-12-52
Success,,0011e00000obfeuAAA,CC645,PIA,645,23-04-2024-12-52
Success,,0011e00000obfevAAA,CC646,Net 7,646,23-04-2024-12-52
Success,,0011e00000obfewAAA,CC647,Net 10,647,23-04-2024-12-52
Success,,0011e00000obfexAAA,CC648,Net 30,648,23-04-2024-12-52
Success,,0011e00000obfeyAAA,CC649,Net 60,649,23-04-2024-12-52
Success,,0011e00000obfezAAA,CC650,Net 90,650,23-04-2024-12-52
Success,,0011e00000obff0AAA,CC651,EOM,651,23-04-2024-12-52
Success,,0011e00000obff1AAA,CC652,PIA,652,23-04-2024-12-52
Success,,0011e00000obff2AAA,CC653,Net 7,653,23-04-2024-12-52
Success,,0011e00000obff3AAA,CC654,Net 10,654,23-04-2024-12-52
Success,,0011e00000obff4AAA,CC655,Net 30,655,23-04-2024-12-52
Success,,0011e00000obff5AAA,CC656,Net 60,656,23-04-2024-12-52
Success,,0011e00000obff6AAA,CC657,Net 90,657,23-04-2024-12-52
Success,,0011e00000obff7AAA,CC658,EOM,658,23-04-2024-12-52
Success,,0011e00000obff8AAA,CC659,PIA,659,23-04-2024-12-52
Success,,0011e00000obff9AAA,CC660,Net 7,660,23-04-2024-12-52
Success,,0011e00000obffAAAQ,CC661,Net 10,661,23-04-2024-12-52
Success,,0011e00000obffBAAQ,CC662,Net 30,662,23-04-2024-12-52
Success,,0011e00000obffCAAQ,CC663,Net 60,663,23-04-2024-12-52
Success,,0011e00000obffDAAQ,CC664,Net 90,664,23-04-2024-12-52
Success,,0011e00000obffEAAQ,CC665,EOM,665,23-04-2024-12-52
Success,,0011e00000obffFAAQ,CC666,PIA,666,23-04-2024-12-52
Success,,0011e00000obffGAAQ,CC667,Net 7,667,23-04-2024-12-52
Success,,0011e00000obffHAAQ,CC668,Net 10,668,23-04-2024-12-52
Success,,0011e00000obffIAAQ,CC669,Net 30,669,23-04-2024-12-52
Success,,0011e00000obffJAAQ,CC670,Net 60,670,23-04-2024-12-52
Success,,0011e00000obffKAAQ,CC671,Net 90,671,23-04-2024-12-52
Success,,0011e00000obffLAAQ,CC672,EOM,672,23-04-2024-12-52
Success,,0011e00000obffMAAQ,CC673,PIA,673,23-04-2024-12-52
Success,,0011e00000obffNAAQ,CC674,Net 7,674,23-04-2024-12-52
Success,,0011e00000obffOAAQ,CC675,Net 10,675,23-04-2024-12-52
Success,,0011e00000obffPAAQ,CC676,Net 30,676,23-04-2024-12-52
Success,,0011e00000obffQAAQ,CC677,Net 60,677,23-04-2024-12-52
Success,,0011e00000obffRAAQ,CC678,Net 90,678,23-04-2024-12-52
Success,,0011e00000obffSAAQ,CC679,EOM,679,23-04-2024-12-52
Success,,0011e00000obffTAAQ,CC680,PIA,680,23-04-2024-12-52
Success,,0011e00000obffUAAQ,CC681,Net 7,681,23-04-2024-12-52
Success,,0011e00000obffVAAQ,CC682,Net 10,682,23-04-2024-12-52
Success,,0011e00000obffWAAQ,CC683,Net 30,683,23-04-2024-12-52
Success,,0011e00000obffXAAQ,CC684,Net 60,684,23-04-2024-12-52
Success,,0011e00000obffYAAQ,CC685,Net 90,685,23-04-2024-12-52
Success,,0011e00000obffZAAQ,CC686,EOM,686,23-04-2024-12-52
Success,,0011e00000obffaAAA,CC687,PIA,687,23-04-2024-12-52
Success,,0011e00000obffbAAA,CC688,Net 7,688,23-04-2024-12-52
Success,,0011e00000obffcAAA,CC689,Net 10,689,23-04-2024-12-52
Success,,0011e00000obffdAAA,CC690,Net 30,690,23-04-2024-12-52
Success,,0011e00000obffeAAA,CC691,Net 60,691,23-04-2024-12-52
Success,,0011e00000obfffAAA,CC692,Net 90,692,23-04-2024-12-52
Success,,0011e00000obffgAAA,CC693,EOM,693,23-04-2024-12-52
Success,,0011e00000obffhAAA,CC694,PIA,694,23-04-2024-12-52
Success,,0011e00000obffiAAA,CC695,Net 7,695,23-04-2024-12-52
Success,,0011e00000obffjAAA,CC696,Net 10,696,23-04-2024-12-52
Success,,0011e00000obffkAAA,CC697,Net 30,697,23-04-2024-12-52
Success,,0011e00000obfflAAA,CC698,Net 60,698,23-04-2024-12-52
Success,,0011e00000obffmAAA,CC699,Net 90,699,23-04-2024-12-52
Success,,0011e00000obffnAAA,CC700,EOM,700,23-04-2024-12-52
Success,,0011e00000obffoAAA,CC701,PIA,701,23-04-2024-12-52
Success,,0011e00000obffpAAA,CC702,Net 7,702,23-04-2024-12-52
Success,,0011e00000obffqAAA,CC703,Net 10,703,23-04-2024-12-52
Success,,0011e00000obffrAAA,CC704,Net 30,704,23-04-2024-12-52
Success,,0011e00000obffsAAA,CC705,Net 60,705,23-04-2024-12-52
Success,,0011e00000obfftAAA,CC706,Net 90,706,23-04-2024-12-52
Success,,0011e00000obffuAAA,CC707,EOM,707,23-04-2024-12-52
Success,,0011e00000obffvAAA,CC708,PIA,708,23-04-2024-12-52
Success,,0011e00000obffwAAA,CC709,Net 7,709,23-04-2024-12-52
Success,,0011e00000obffxAAA,CC710,Net 10,710,23-04-2024-12-52
Success,,0011e00000obffyAAA,CC711,Net 30,711,23-04-2024-12-52
Success,,0011e00000obffzAAA,CC712,Net 60,712,23-04-2024-12-52
Success,,0011e00000obfg0AAA,CC713,Net 90,713,23-04-2024-12-52
Success,,0011e00000obfg1AAA,CC714,EOM,714,23-04-2024-12-52
Success,,0011e00000obfg2AAA,CC715,PIA,715,23-04-2024-12-52
Success,,0011e00000obfg3AAA,CC716,Net 7,716,23-04-2024-12-52
Success,,0011e00000obfg4AAA,CC717,Net 10,717,23-04-2024-12-52
Success,,0011e00000obfg5AAA,CC718,Net 30,718,23-04-2024-12-52
Success,,0011e00000obfg6AAA,CC719,Net 60,719,23-04-2024-12-52
Success,,0011e00000obfg7AAA,CC720,Net 90,720,23-04-2024-12-52
Success,,0011e00000obfg8AAA,CC721,EOM,721,23-04-2024-12-52
Success,,0011e00000obfg9AAA,CC722,PIA,722,23-04-2024-12-52
Success,,0011e00000obfgAAAQ,CC723,Net 7,723,23-04-2024-12-52
Success,,0011e00000obfgBAAQ,CC724,Net 10,724,23-04-2024-12-52
Success,,0011e00000obfgCAAQ,CC725,Net 30,725,23-04-2024-12-52
Success,,0011e00000obfgDAAQ,CC726,Net 60,726,23-04-2024-12-52
Success,,0011e00000obfgEAAQ,CC727,Net 90,727,23-04-2024-12-52
Success,,0011e00000obfgFAAQ,CC728,EOM,728,23-04-2024-12-52
Success,,0011e00000obfgGAAQ,CC729,PIA,729,23-04-2024-12-52
Success,,0011e00000obfgHAAQ,CC730,Net 7,730,23-04-2024-12-52
Success,,0011e00000obfgIAAQ,CC731,Net 10,731,23-04-2024-12-52
Success,,0011e00000obfgJAAQ,CC732,Net 30,732,23-04-2024-12-52
Success,,0011e00000obfgKAAQ,CC733,Net 60,733,23-04-2024-12-52
Success,,0011e00000obfgLAAQ,CC734,Net 90,734,23-04-2024-12-52
Success,,0011e00000obfgMAAQ,CC735,EOM,735,23-04-2024-12-52
Success,,0011e00000obfgNAAQ,CC736,PIA,736,23-04-2024-12-52
Success,,0011e00000obfgOAAQ,CC737,Net 7,737,23-04-2024-12-52
Success,,0011e00000obfgPAAQ,CC738,Net 10,738,23-04-2024-12-52
Success,,0011e00000obfgQAAQ,CC739,Net 30,739,23-04-2024-12-52
Success,,0011e00000obfgRAAQ,CC740,Net 60,740,23-04-2024-12-52
Success,,0011e00000obfgSAAQ,CC741,Net 90,741,23-04-2024-12-52
Success,,0011e00000obfgTAAQ,CC742,EOM,742,23-04-2024-12-52
Success,,0011e00000obfgUAAQ,CC743,PIA,743,23-04-2024-12-52
Success,,0011e00000obfgVAAQ,CC744,Net 7,744,23-04-2024-12-52
Success,,0011e00000obfgWAAQ,CC745,Net 10,745,23-04-2024-12-52
Success,,0011e00000obfgXAAQ,CC746,Net 30,746,23-04-2024-12-52
Success,,0011e00000obfgYAAQ,CC747,Net 60,747,23-04-2024-12-52
Success,,0011e00000obfgZAAQ,CC748,Net 90,748,23-04-2024-12-52
Success,,0011e00000obfgaAAA,CC749,EOM,749,23-04-2024-12-52
Success,,0011e00000obfgbAAA,CC750,PIA,750,23-04-2024-12-52
Success,,0011e00000obfgcAAA,CC751,Net 7,751,23-04-2024-12-52
Success,,0011e00000obfgdAAA,CC752,Net 10,752,23-04-2024-12-52
Success,,0011e00000obfgeAAA,CC753,Net 30,753,23-04-2024-12-52
Success,,0011e00000obfgfAAA,CC754,Net 60,754,23-04-2024-12-52
Success,,0011e00000obfggAAA,CC755,Net 90,755,23-04-2024-12-52
Success,,0011e00000obfghAAA,CC756,EOM,756,23-04-2024-12-52
Success,,0011e00000obfgiAAA,CC757,PIA,757,23-04-2024-12-52
Success,,0011e00000obfgjAAA,CC758,Net 7,758,23-04-2024-12-52
Success,,0011e00000obfgkAAA,CC759,Net 10,759,23-04-2024-12-52
Success,,0011e00000obfglAAA,CC760,Net 30,760,23-04-2024-12-52
Success,,0011e00000obfgmAAA,CC761,Net 60,761,23-04-2024-12-52
Success,,0011e00000obfgnAAA,CC762,Net 90,762,23-04-2024-12-52
Success,,0011e00000obfgoAAA,CC763,EOM,763,23-04-2024-12-52
Success,,0011e00000obfgpAAA,CC764,PIA,764,23-04-2024-12-52
Success,,0011e00000obfgqAAA,CC765,Net 7,765,23-04-2024-12-52
Success,,0011e00000obfgrAAA,CC766,Net 10,766,23-04-2024-12-52
Success,,0011e00000obfgsAAA,CC767,Net 30,767,23-04-2024-12-52
Success,,0011e00000obfgtAAA,CC768,Net 60,768,23-04-2024-12-52
Success,,0011e00000obfguAAA,CC769,Net 90,769,23-04-2024-12-52
Success,,0011e00000obfgvAAA,CC770,EOM,770,23-04-2024-12-52
Success,,0011e00000obfgwAAA,CC771,PIA,771,23-04-2024-12-52
Success,,0011e00000obfgxAAA,CC772,Net 7,772,23-04-2024-12-52
Success,,0011e00000obfgyAAA,CC773,Net 10,773,23-04-2024-12-52
Success,,0011e00000obfgzAAA,CC774,Net 30,774,23-04-2024-12-52
Success,,0011e00000obfh0AAA,CC775,Net 60,775,23-04-2024-12-52
Success,,0011e00000obfh1AAA,CC776,Net 90,776,23-04-2024-12-52
Success,,0011e00000obfh2AAA,CC777,EOM,777,23-04-2024-12-52
Success,,0011e00000obfh3AAA,CC778,PIA,778,23-04-2024-12-52
Success,,0011e00000obfh4AAA,CC779,Net 7,779,23-04-2024-12-52
Success,,0011e00000obfh5AAA,CC780,Net 10,780,23-04-2024-12-52
Success,,0011e00000obfh6AAA,CC781,Net 30,781,23-04-2024-12-52
Success,,0011e00000obfh7AAA,CC782,Net 60,782,23-04-2024-12-52
Success,,0011e00000obfh8AAA,CC783,Net 90,783,23-04-2024-12-52
Success,,0011e00000obfh9AAA,CC784,EOM,784,23-04-2024-12-52
Success,,0011e00000obfhAAAQ,CC785,PIA,785,23-04-2024-12-52
Success,,0011e00000obfhBAAQ,CC786,Net 7,786,23-04-2024-12-52
Success,,0011e00000obfhCAAQ,CC787,Net 10,787,23-04-2024-12-52
Success,,0011e00000obfhDAAQ,CC788,Net 30,788,23-04-2024-12-52
Success,,0011e00000obfhEAAQ,CC789,Net 60,789,23-04-2024-12-52
Success,,0011e00000obfhFAAQ,CC790,Net 90,790,23-04-2024-12-52
Success,,0011e00000obfhGAAQ,CC791,EOM,791,23-04-2024-12-52
Success,,0011e00000obfhHAAQ,CC792,PIA,792,23-04-2024-12-52
Success,,0011e00000obfhIAAQ,CC793,Net 7,793,23-04-2024-12-52
Success,,0011e00000obfhJAAQ,CC794,Net 10,794,23-04-2024-12-52
Success,,0011e00000obfhKAAQ,CC795,Net 30,795,23-04-2024-12-52
Success,,0011e00000obfhLAAQ,CC796,Net 60,796,23-04-2024-12-52
Success,,0011e00000obfhMAAQ,CC797,Net 90,797,23-04-2024-12-52
Success,,0011e00000obfhNAAQ,CC798,EOM,798,23-04-2024-12-52
Success,,0011e00000obfhOAAQ,CC799,PIA,799,23-04-2024-12-52
Success,,0011e00000obfhPAAQ,CC800,Net 7,800,23-04-2024-12-52
Success,,0011e00000obfhQAAQ,CC801,Net 10,801,23-04-2024-12-52
Success,,0011e00000obfhRAAQ,CC802,Net 30,802,23-04-2024-12-52
Success,,0011e00000obfhSAAQ,CC803,Net 60,803,23-04-2024-12-52
Success,,0011e00000obfhTAAQ,CC804,Net 90,804,23-04-2024-12-52
Success,,0011e00000obfhUAAQ,CC805,EOM,805,23-04-2024-12-52
Success,,0011e00000obfhVAAQ,CC806,PIA,806,23-04-2024-12-52
Success,,0011e00000obfhWAAQ,CC807,Net 7,807,23-04-2024-12-52
Success,,0011e00000obfhXAAQ,CC808,Net 10,808,23-04-2024-12-52
Success,,0011e00000obfhYAAQ,CC809,Net 30,809,23-04-2024-12-52
Success,,0011e00000obfhZAAQ,CC810,Net 60,810,23-04-2024-12-52
Success,,0011e00000obfhaAAA,CC811,Net 90,811,23-04-2024-12-52
Success,,0011e00000obfhbAAA,CC812,EOM,812,23-04-2024-12-52
Success,,0011e00000obfhcAAA,CC813,PIA,813,23-04-2024-12-52
Success,,0011e00000obfhdAAA,CC814,Net 7,814,23-04-2024-12-52
Success,,0011e00000obfheAAA,CC815,Net 10,815,23-04-2024-12-52
Success,,0011e00000obfhfAAA,CC816,Net 30,816,23-04-2024-12-52
Success,,0011e00000obfhgAAA,CC817,Net 60,817,23-04-2024-12-52
Success,,0011e00000obfhhAAA,CC818,Net 90,818,23-04-2024-12-52
Success,,0011e00000obfhiAAA,CC819,EOM,819,23-04-2024-12-52
Success,,0011e00000obfhjAAA,CC820,PIA,820,23-04-2024-12-52
Success,,0011e00000obfhkAAA,CC821,Net 7,821,23-04-2024-12-52
Success,,0011e00000obfhlAAA,CC822,Net 10,822,23-04-2024-12-52
Success,,0011e00000obfhmAAA,CC823,Net 30,823,23-04-2024-12-52
Success,,0011e00000obfhnAAA,CC824,Net 60,824,23-04-2024-12-52
Success,,0011e00000obfhoAAA,CC825,Net 90,825,23-04-2024-12-52
Success,,0011e00000obfhpAAA,CC826,EOM,826,23-04-2024-12-52
Success,,0011e00000obfhqAAA,CC827,PIA,827,23-04-2024-12-52
Success,,0011e00000obfhrAAA,CC828,Net 7,828,23-04-2024-12-52
Success,,0011e00000obfhsAAA,CC829,Net 10,829,23-04-2024-12-52
Success,,0011e00000obfhtAAA,CC830,Net 30,830,23-04-2024-12-52
Success,,0011e00000obfhuAAA,CC831,Net 60,831,23-04-2024-12-52
Success,,0011e00000obfhvAAA,CC832,Net 90,832,23-04-2024-12-52
Success,,0011e00000obfhwAAA,CC833,EOM,833,23-04-2024-12-52
Success,,0011e00000obfhxAAA,CC834,PIA,834,23-04-2024-12-52
Success,,0011e00000obfhyAAA,CC835,Net 7,835,23-04-2024-12-52
Success,,0011e00000obfhzAAA,CC836,Net 10,836,23-04-2024-12-52
Success,,0011e00000obfi0AAA,CC837,Net 30,837,23-04-2024-12-52
Success,,0011e00000obfi1AAA,CC838,Net 60,838,23-04-2024-12-52
Success,,0011e00000obfi2AAA,CC839,Net 90,839,23-04-2024-12-52
Success,,0011e00000obfi3AAA,CC840,EOM,840,23-04-2024-12-52
Success,,0011e00000obfi4AAA,CC841,PIA,841,23-04-2024-12-52
Success,,0011e00000obfi5AAA,CC842,Net 7,842,23-04-2024-12-52
Success,,0011e00000obfi6AAA,CC843,Net 10,843,23-04-2024-12-52
Success,,0011e00000obfi7AAA,CC844,Net 30,844,23-04-2024-12-52
Success,,0011e00000obfi8AAA,CC845,Net 60,845,23-04-2024-12-52
Success,,0011e00000obfi9AAA,CC846,Net 90,846,23-04-2024-12-52
Success,,0011e00000obfiAAAQ,CC847,EOM,847,23-04-2024-12-52
Success,,0011e00000obfiBAAQ,CC848,PIA,848,23-04-2024-12-52
Success,,0011e00000obfiCAAQ,CC849,Net 7,849,23-04-2024-12-52
Success,,0011e00000obfiDAAQ,CC850,Net 10,850,23-04-2024-12-52
Success,,0011e00000obfiEAAQ,CC851,Net 30,851,23-04-2024-12-52
Success,,0011e00000obfiFAAQ,CC852,Net 60,852,23-04-2024-12-52
Success,,0011e00000obfiGAAQ,CC853,Net 90,853,23-04-2024-12-52
Success,,0011e00000obfiHAAQ,CC854,EOM,854,23-04-2024-12-52
Success,,0011e00000obfiIAAQ,CC855,PIA,855,23-04-2024-12-52
Success,,0011e00000obfiJAAQ,CC856,Net 7,856,23-04-2024-12-52
Success,,0011e00000obfiKAAQ,CC857,Net 10,857,23-04-2024-12-52
Success,,0011e00000obfiLAAQ,CC858,Net 30,858,23-04-2024-12-52
Success,,0011e00000obfiMAAQ,CC859,Net 60,859,23-04-2024-12-52
Success,,0011e00000obfiNAAQ,CC860,Net 90,860,23-04-2024-12-52
Success,,0011e00000obfiOAAQ,CC861,EOM,861,23-04-2024-12-52
Success,,0011e00000obfiPAAQ,CC862,PIA,862,23-04-2024-12-52
Success,,0011e00000obfiQAAQ,CC863,Net 7,863,23-04-2024-12-52
Success,,0011e00000obfiRAAQ,CC864,Net 10,864,23-04-2024-12-52
Success,,0011e00000obfiSAAQ,CC865,Net 30,865,23-04-2024-12-52
Success,,0011e00000obfiTAAQ,CC866,Net 60,866,23-04-2024-12-52
Success,,0011e00000obfiUAAQ,CC867,Net 90,867,23-04-2024-12-52
Success,,0011e00000obfiVAAQ,CC868,EOM,868,23-04-2024-12-52
Success,,0011e00000obfiWAAQ,CC869,PIA,869,23-04-2024-12-52
Success,,0011e00000obfiXAAQ,CC870,Net 7,870,23-04-2024-12-52
Success,,0011e00000obfiYAAQ,CC871,Net 10,871,23-04-2024-12-52
Success,,0011e00000obfiZAAQ,CC872,Net 30,872,23-04-2024-12-52
Success,,0011e00000obfiaAAA,CC873,Net 60,873,23-04-2024-12-52
Success,,0011e00000obfibAAA,CC874,Net 90,874,23-04-2024-12-52
Success,,0011e00000obficAAA,CC875,EOM,875,23-04-2024-12-52
Success,,0011e00000obfidAAA,CC876,PIA,876,23-04-2024-12-52
Success,,0011e00000obfieAAA,CC877,Net 7,877,23-04-2024-12-52
Success,,0011e00000obfifAAA,CC878,Net 10,878,23-04-2024-12-52
Success,,0011e00000obfigAAA,CC879,Net 30,879,23-04-2024-12-52
Success,,0011e00000obfihAAA,CC880,Net 60,880,23-04-2024-12-52
Success,,0011e00000obfiiAAA,CC881,Net 90,881,23-04-2024-12-52
Success,,0011e00000obfijAAA,CC882,EOM,882,23-04-2024-12-52
Success,,0011e00000obfikAAA,CC883,PIA,883,23-04-2024-12-52
Success,,0011e00000obfilAAA,CC884,Net 7,884,23-04-2024-12-52
Success,,0011e00000obfimAAA,CC885,Net 10,885,23-04-2024-12-52
Success,,0011e00000obfinAAA,CC886,Net 30,886,23-04-2024-12-52
Success,,0011e00000obfioAAA,CC887,Net 60,887,23-04-2024-12-52
Success,,0011e00000obfipAAA,CC888,Net 90,888,23-04-2024-12-52
Success,,0011e00000obfiqAAA,CC889,EOM,889,23-04-2024-12-52
Success,,0011e00000obfirAAA,CC890,PIA,890,23-04-2024-12-52
Success,,0011e00000obfisAAA,CC891,Net 7,891,23-04-2024-12-52
Success,,0011e00000obfitAAA,CC892,Net 10,892,23-04-2024-12-52
Success,,0011e00000obfiuAAA,CC893,Net 30,893,23-04-2024-12-52
Success,,0011e00000obfivAAA,CC894,Net 60,894,23-04-2024-12-52
Success,,0011e00000obfiwAAA,CC895,Net 90,895,23-04-2024-12-52
Success,,0011e00000obfixAAA,CC896,EOM,896,23-04-2024-12-52
Success,,0011e00000obfiyAAA,CC897,PIA,897,23-04-2024-12-52
Success,,0011e00000obfizAAA,CC898,Net 7,898,23-04-2024-12-52
Success,,0011e00000obfj0AAA,CC899,Net 10,899,23-04-2024-12-52
Success,,0011e00000obfj1AAA,CC900,Net 30,900,23-04-2024-12-52
Success,,0011e00000obfj2AAA,CC901,Net 60,901,23-04-2024-12-52
Success,,0011e00000obfj3AAA,CC902,Net 90,902,23-04-2024-12-52
Success,,0011e00000obfj4AAA,CC903,EOM,903,23-04-2024-12-52
Success,,0011e00000obfj5AAA,CC904,PIA,904,23-04-2024-12-52
Success,,0011e00000obfj6AAA,CC905,Net 7,905,23-04-2024-12-52
Success,,0011e00000obfj7AAA,CC906,Net 10,906,23-04-2024-12-52
Success,,0011e00000obfj8AAA,CC907,Net 30,907,23-04-2024-12-52
Success,,0011e00000obfj9AAA,CC908,Net 60,908,23-04-2024-12-52
Success,,0011e00000obfjAAAQ,CC909,Net 90,909,23-04-2024-12-52
Success,,0011e00000obfjBAAQ,CC910,EOM,910,23-04-2024-12-52
Success,,0011e00000obfjCAAQ,CC911,PIA,911,23-04-2024-12-52
Success,,0011e00000obfjDAAQ,CC912,Net 7,912,23-04-2024-12-52
Success,,0011e00000obfjEAAQ,CC913,Net 10,913,23-04-2024-12-52
Success,,0011e00000obfjFAAQ,CC914,Net 30,914,23-04-2024-12-52
Success,,0011e00000obfjGAAQ,CC915,Net 60,915,23-04-2024-12-52
Success,,0011e00000obfjHAAQ,CC916,Net 90,916,23-04-2024-12-52
Success,,0011e00000obfjIAAQ,CC917,EOM,917,23-04-2024-12-52
Success,,0011e00000obfjJAAQ,CC918,PIA,918,23-04-2024-12-52
Success,,0011e00000obfjKAAQ,CC919,Net 7,919,23-04-2024-12-52
Success,,0011e00000obfjLAAQ,CC920,Net 10,920,23-04-2024-12-52
Success,,0011e00000obfjMAAQ,CC921,Net 30,921,23-04-2024-12-52
Success,,0011e00000obfjNAAQ,CC922,Net 60,922,23-04-2024-12-52
Success,,0011e00000obfjOAAQ,CC923,Net 90,923,23-04-2024-12-52
Success,,0011e00000obfjPAAQ,CC924,EOM,924,23-04-2024-12-52
Success,,0011e00000obfjQAAQ,CC925,PIA,925,23-04-2024-12-52
Success,,0011e00000obfjRAAQ,CC926,Net 7,926,23-04-2024-12-52
Success,,0011e00000obfjSAAQ,CC927,Net 10,927,23-04-2024-12-52
Success,,0011e00000obfjTAAQ,CC928,Net 30,928,23-04-2024-12-52
Success,,0011e00000obfjUAAQ,CC929,Net 60,929,23-04-2024-12-52
Success,,0011e00000obfjVAAQ,CC930,Net 90,930,23-04-2024-12-52
Success,,0011e00000obfjWAAQ,CC931,EOM,931,23-04-2024-12-52
Success,,0011e00000obfjXAAQ,CC932,PIA,932,23-04-2024-12-52
Success,,0011e00000obfjYAAQ,CC933,Net 7,933,23-04-2024-12-52
Success,,0011e00000obfjZAAQ,CC934,Net 10,934,23-04-2024-12-52
Success,,0011e00000obfjaAAA,CC935,Net 30,935,23-04-2024-12-52
Success,,0011e00000obfjbAAA,CC936,Net 60,936,23-04-2024-12-52
Success,,0011e00000obfjcAAA,CC937,Net 90,937,23-04-2024-12-52
Success,,0011e00000obfjdAAA,CC938,EOM,938,23-04-2024-12-52
Success,,0011e00000obfjeAAA,CC939,PIA,939,23-04-2024-12-52
Success,,0011e00000obfjfAAA,CC940,Net 7,940,23-04-2024-12-52
Success,,0011e00000obfjgAAA,CC941,Net 10,941,23-04-2024-12-52
Success,,0011e00000obfjhAAA,CC942,Net 30,942,23-04-2024-12-52
Success,,0011e00000obfjiAAA,CC943,Net 60,943,23-04-2024-12-52
Success,,0011e00000obfjjAAA,CC944,Net 90,944,23-04-2024-12-52
Success,,0011e00000obfjkAAA,CC945,EOM,945,23-04-2024-12-52
Success,,0011e00000obfjlAAA,CC946,PIA,946,23-04-2024-12-52
Success,,0011e00000obfjmAAA,CC947,Net 7,947,23-04-2024-12-52
Success,,0011e00000obfjnAAA,CC948,Net 10,948,23-04-2024-12-52
Success,,0011e00000obfjoAAA,CC949,Net 30,949,23-04-2024-12-52
Success,,0011e00000obfjpAAA,CC950,Net 60,950,23-04-2024-12-52
Success,,0011e00000obfjqAAA,CC951,Net 90,951,23-04-2024-12-52
Success,,0011e00000obfjrAAA,CC952,EOM,952,23-04-2024-12-52
Success,,0011e00000obfjsAAA,CC953,PIA,953,23-04-2024-12-52
Success,,0011e00000obfjtAAA,CC954,Net 7,954,23-04-2024-12-52
Success,,0011e00000obfjuAAA,CC955,Net 10,955,23-04-2024-12-52
Success,,0011e00000obfjvAAA,CC956,Net 30,956,23-04-2024-12-52
Success,,0011e00000obfjwAAA,CC957,Net 60,957,23-04-2024-12-52
Success,,0011e00000obfjxAAA,CC958,Net 90,958,23-04-2024-12-52
Success,,0011e00000obfjyAAA,CC959,EOM,959,23-04-2024-12-52
Success,,0011e00000obfjzAAA,CC960,PIA,960,23-04-2024-12-52
Success,,0011e00000obfk0AAA,CC961,Net 7,961,23-04-2024-12-52
Success,,0011e00000obfk1AAA,CC962,Net 10,962,23-04-2024-12-52
Success,,0011e00000obfk2AAA,CC963,Net 30,963,23-04-2024-12-52
Success,,0011e00000obfk3AAA,CC964,Net 60,964,23-04-2024-12-52
Success,,0011e00000obfk4AAA,CC965,Net 90,965,23-04-2024-12-52
Success,,0011e00000obfk5AAA,CC966,EOM,966,23-04-2024-12-52
Success,,0011e00000obfk6AAA,CC967,PIA,967,23-04-2024-12-52
Success,,0011e00000obfk7AAA,CC968,Net 7,968,23-04-2024-12-52
Success,,0011e00000obfk8AAA,CC969,Net 10,969,23-04-2024-12-52
Success,,0011e00000obfk9AAA,CC970,Net 30,970,23-04-2024-12-52
Success,,0011e00000obfkAAAQ,CC971,Net 60,971,23-04-2024-12-52
Success,,0011e00000obfkBAAQ,CC972,Net 90,972,23-04-2024-12-52
Success,,0011e00000obfkCAAQ,CC973,EOM,973,23-04-2024-12-52
Success,,0011e00000obfkDAAQ,CC974,PIA,974,23-04-2024-12-52
Success,,0011e00000obfkEAAQ,CC975,Net 7,975,23-04-2024-12-52
Success,,0011e00000obfkFAAQ,CC976,Net 10,976,23-04-2024-12-52
Success,,0011e00000obfkGAAQ,CC977,Net 30,977,23-04-2024-12-52
Success,,0011e00000obfkHAAQ,CC978,Net 60,978,23-04-2024-12-52
Success,,0011e00000obfkIAAQ,CC979,Net 90,979,23-04-2024-12-52
Success,,0011e00000obfkJAAQ,CC980,EOM,980,23-04-2024-12-52
Success,,0011e00000obfkKAAQ,CC981,PIA,981,23-04-2024-12-52
Success,,0011e00000obfkLAAQ,CC982,Net 7,982,23-04-2024-12-52
Success,,0011e00000obfkMAAQ,CC983,Net 10,983,23-04-2024-12-52
Success,,0011e00000obfkNAAQ,CC984,Net 30,984,23-04-2024-12-52
Success,,0011e00000obfkOAAQ,CC985,Net 60,985,23-04-2024-12-52
Success,,0011e00000obfkPAAQ,CC986,Net 90,986,23-04-2024-12-52
Success,,0011e00000obfkQAAQ,CC987,EOM,987,23-04-2024-12-52
Success,,0011e00000obfkRAAQ,CC988,PIA,988,23-04-2024-12-52
Success,,0011e00000obfkSAAQ,CC989,Net 7,989,23-04-2024-12-52
Success,,0011e00000obfkTAAQ,CC990,Net 10,990,23-04-2024-12-52
Success,,0011e00000obfkUAAQ,CC991,Net 30,991,23-04-2024-12-52
Success,,0011e00000obfkVAAQ,CC992,Net 60,992,23-04-2024-12-52
Success,,0011e00000obfkWAAQ,CC993,Net 90,993,23-04-2024-12-52
Success,,0011e00000obfkXAAQ,CC994,EOM,994,23-04-2024-12-52
Success,,0011e00000obfkYAAQ,CC995,PIA,995,23-04-2024-12-52
Success,,0011e00000obfkZAAQ,CC996,Net 7,996,23-04-2024-12-52
Success,,0011e00000obfkaAAA,CC997,Net 10,997,23-04-2024-12-52
Success,,0011e00000obfkbAAA,CC998,Net 30,998,23-04-2024-12-52
Success,,0011e00000obfkcAAA,CC999,Net 60,999,23-04-2024-12-52
Success,,0011e00000obfkeAAA,CC1001,EOM,1001,23-04-2024-12-52
Success,,0011e00000obfkfAAA,CC1002,PIA,1002,23-04-2024-12-52
Success,,0011e00000obfkgAAA,CC1003,Net 7,1003,23-04-2024-12-52
Success,,0011e00000obfkhAAA,CC1004,Net 10,1004,23-04-2024-12-52
Success,,0011e00000obfkiAAA,CC1005,Net 30,1005,23-04-2024-12-52
Success,,0011e00000obfkjAAA,CC1006,Net 60,1006,23-04-2024-12-52
Success,,0011e00000obfkkAAA,CC1007,Net 90,1007,23-04-2024-12-52
Success,,0011e00000obfklAAA,CC1008,EOM,1008,23-04-2024-12-52
Success,,0011e00000obfkmAAA,CC1009,PIA,1009,23-04-2024-12-52
Success,,0011e00000obfknAAA,CC1010,Net 7,1010,23-04-2024-12-52
Success,,0011e00000obfkoAAA,CC1011,Net 10,1011,23-04-2024-12-52
Success,,0011e00000obfkpAAA,CC1012,Net 30,1012,23-04-2024-12-52
Success,,0011e00000obfkqAAA,CC1013,Net 60,1013,23-04-2024-12-52
Success,,0011e00000obfkrAAA,CC1014,Net 90,1014,23-04-2024-12-52
Success,,0011e00000obfksAAA,CC1015,EOM,1015,23-04-2024-12-52
Success,,0011e00000obfktAAA,CC1016,PIA,1016,23-04-2024-12-52
Success,,0011e00000obfkuAAA,CC1017,Net 7,1017,23-04-2024-12-52
Success,,0011e00000obfkvAAA,CC1018,Net 10,1018,23-04-2024-12-52
Success,,0011e00000obfkwAAA,CC1019,Net 30,1019,23-04-2024-12-52
Success,,0011e00000obfkxAAA,CC1020,Net 60,1020,23-04-2024-12-52
Success,,0011e00000obfkyAAA,CC1021,Net 90,1021,23-04-2024-12-52
Success,,0011e00000obfkzAAA,CC1022,EOM,1022,23-04-2024-12-52
Success,,0011e00000obfl0AAA,CC1023,PIA,1023,23-04-2024-12-52
Success,,0011e00000obfl1AAA,CC1024,Net 7,1024,23-04-2024-12-52
Success,,0011e00000obfl2AAA,CC1025,Net 10,1025,23-04-2024-12-52
Success,,0011e00000obfl3AAA,CC1026,Net 30,1026,23-04-2024-12-52
Success,,0011e00000obfl4AAA,CC1027,Net 60,1027,23-04-2024-12-52
Success,,0011e00000obfl5AAA,CC1028,Net 90,1028,23-04-2024-12-52
Success,,0011e00000obfl6AAA,CC1029,EOM,1029,23-04-2024-12-52
Success,,0011e00000obfl7AAA,CC1030,PIA,1030,23-04-2024-12-52
Success,,0011e00000obfl8AAA,CC1031,Net 7,1031,23-04-2024-12-52
Success,,0011e00000obfl9AAA,CC1032,Net 10,1032,23-04-2024-12-52
Success,,0011e00000obflAAAQ,CC1033,Net 30,1033,23-04-2024-12-52
Success,,0011e00000obflBAAQ,CC1034,Net 60,1034,23-04-2024-12-52
Success,,0011e00000obflCAAQ,CC1035,Net 90,1035,23-04-2024-12-52
Success,,0011e00000obflDAAQ,CC1036,EOM,1036,23-04-2024-12-52
Success,,0011e00000obflEAAQ,CC1037,PIA,1037,23-04-2024-12-52
Success,,0011e00000obflFAAQ,CC1038,Net 7,1038,23-04-2024-12-52
Success,,0011e00000obflGAAQ,CC1039,Net 10,1039,23-04-2024-12-52
Success,,0011e00000obflHAAQ,CC1040,Net 30,1040,23-04-2024-12-52
Success,,0011e00000obflIAAQ,CC1041,Net 60,1041,23-04-2024-12-52
Success,,0011e00000obflJAAQ,CC1042,Net 90,1042,23-04-2024-12-52
Success,,0011e00000obflKAAQ,CC1043,EOM,1043,23-04-2024-12-52
Success,,0011e00000obflLAAQ,CC1044,PIA,1044,23-04-2024-12-52
Success,,0011e00000obflMAAQ,CC1045,Net 7,1045,23-04-2024-12-52
Success,,0011e00000obflNAAQ,CC1046,Net 10,1046,23-04-2024-12-52
Success,,0011e00000obflOAAQ,CC1047,Net 30,1047,23-04-2024-12-52
Success,,0011e00000obflPAAQ,CC1048,Net 60,1048,23-04-2024-12-52
Success,,0011e00000obflQAAQ,CC1049,Net 90,1049,23-04-2024-12-52
Success,,0011e00000obflRAAQ,CC1050,EOM,1050,23-04-2024-12-52
Success,,0011e00000obflSAAQ,CC1051,PIA,1051,23-04-2024-12-52
Success,,0011e00000obflTAAQ,CC1052,Net 7,1052,23-04-2024-12-52
Success,,0011e00000obflUAAQ,CC1053,Net 10,1053,23-04-2024-12-52
Success,,0011e00000obflVAAQ,CC1054,Net 30,1054,23-04-2024-12-52
Success,,0011e00000obflWAAQ,CC1055,Net 60,1055,23-04-2024-12-52
Success,,0011e00000obflXAAQ,CC1056,Net 90,1056,23-04-2024-12-52
Success,,0011e00000obflYAAQ,CC1057,EOM,1057,23-04-2024-12-52
Success,,0011e00000obflZAAQ,CC1058,PIA,1058,23-04-2024-12-52
Success,,0011e00000obflaAAA,CC1059,Net 7,1059,23-04-2024-12-52
Success,,0011e00000obflbAAA,CC1060,Net 10,1060,23-04-2024-12-52
Success,,0011e00000obflcAAA,CC1061,Net 30,1061,23-04-2024-12-52
Success,,0011e00000obfldAAA,CC1062,Net 60,1062,23-04-2024-12-52
Success,,0011e00000obfleAAA,CC1063,Net 90,1063,23-04-2024-12-52
Success,,0011e00000obflfAAA,CC1064,EOM,1064,23-04-2024-12-52
Success,,0011e00000obflgAAA,CC1065,PIA,1065,23-04-2024-12-52
Success,,0011e00000obflhAAA,CC1066,Net 7,1066,23-04-2024-12-52
Success,,0011e00000obfliAAA,CC1067,Net 10,1067,23-04-2024-12-52
Success,,0011e00000obfljAAA,CC1068,Net 30,1068,23-04-2024-12-52
Success,,0011e00000obflkAAA,CC1069,Net 60,1069,23-04-2024-12-52
Success,,0011e00000obfllAAA,CC1070,Net 90,1070,23-04-2024-12-52
Success,,0011e00000obflmAAA,CC1071,EOM,1071,23-04-2024-12-52
Success,,0011e00000obflnAAA,CC1072,PIA,1072,23-04-2024-12-52
Success,,0011e00000obfloAAA,CC1073,Net 7,1073,23-04-2024-12-52
Success,,0011e00000obflpAAA,CC1074,Net 10,1074,23-04-2024-12-52
Success,,0011e00000obflqAAA,CC1075,Net 30,1075,23-04-2024-12-52
Success,,0011e00000obflrAAA,CC1076,Net 60,1076,23-04-2024-12-52
Success,,0011e00000obflsAAA,CC1077,Net 90,1077,23-04-2024-12-52
Success,,0011e00000obfltAAA,CC1078,EOM,1078,23-04-2024-12-52
Success,,0011e00000obfluAAA,CC1079,PIA,1079,23-04-2024-12-52
Success,,0011e00000obflvAAA,CC1080,Net 7,1080,23-04-2024-12-52
Success,,0011e00000obflwAAA,CC1081,Net 10,1081,23-04-2024-12-52
Success,,0011e00000obflxAAA,CC1082,Net 30,1082,23-04-2024-12-52
Success,,0011e00000obflyAAA,CC1083,Net 60,1083,23-04-2024-12-52
Success,,0011e00000obflzAAA,CC1084,Net 90,1084,23-04-2024-12-52
Success,,0011e00000obfm0AAA,CC1085,EOM,1085,23-04-2024-12-52
Success,,0011e00000obfm1AAA,CC1086,PIA,1086,23-04-2024-12-52
Success,,0011e00000obfm2AAA,CC1087,Net 7,1087,23-04-2024-12-52
Success,,0011e00000obfm3AAA,CC1088,Net 10,1088,23-04-2024-12-52
Success,,0011e00000obfm4AAA,CC1089,Net 30,1089,23-04-2024-12-52
Success,,0011e00000obfm5AAA,CC1090,Net 60,1090,23-04-2024-12-52
Success,,0011e00000obfm6AAA,CC1091,Net 90,1091,23-04-2024-12-52
Success,,0011e00000obfm7AAA,CC1092,EOM,1092,23-04-2024-12-52
Success,,0011e00000obfm8AAA,CC1093,PIA,1093,23-04-2024-12-52
Success,,0011e00000obfm9AAA,CC1094,Net 7,1094,23-04-2024-12-52
Success,,0011e00000obfmAAAQ,CC1095,Net 10,1095,23-04-2024-12-52
Success,,0011e00000obfmBAAQ,CC1096,Net 30,1096,23-04-2024-12-52
Success,,0011e00000obfmCAAQ,CC1097,Net 60,1097,23-04-2024-12-52
Success,,0011e00000obfmDAAQ,CC1098,Net 90,1098,23-04-2024-12-52
Success,,0011e00000obfmEAAQ,CC1099,EOM,1099,23-04-2024-12-52
Success,,0011e00000obfmFAAQ,CC1100,PIA,1100,23-04-2024-12-52
Success,,0011e00000obfmGAAQ,CC1101,Net 7,1101,23-04-2024-12-52
Success,,0011e00000obfmHAAQ,CC1102,Net 10,1102,23-04-2024-12-52
Success,,0011e00000obfmIAAQ,CC1103,Net 30,1103,23-04-2024-12-52
Success,,0011e00000obfmJAAQ,CC1104,Net 60,1104,23-04-2024-12-52
Success,,0011e00000obfmKAAQ,CC1105,Net 90,1105,23-04-2024-12-52
Success,,0011e00000obfmLAAQ,CC1106,EOM,1106,23-04-2024-12-52
Success,,0011e00000obfmMAAQ,CC1107,PIA,1107,23-04-2024-12-52
Success,,0011e00000obfmNAAQ,CC1108,Net 7,1108,23-04-2024-12-52
Success,,0011e00000obfmOAAQ,CC1109,Net 10,1109,23-04-2024-12-52
Success,,0011e00000obfmPAAQ,CC1110,Net 30,1110,23-04-2024-12-52
Success,,0011e00000obfmQAAQ,CC1111,Net 60,1111,23-04-2024-12-52
Success,,0011e00000obfmRAAQ,CC1112,Net 90,1112,23-04-2024-12-52
Success,,0011e00000obfmSAAQ,CC1113,EOM,1113,23-04-2024-12-52
Success,,0011e00000obfmTAAQ,CC1114,PIA,1114,23-04-2024-12-52
Success,,0011e00000obfmUAAQ,CC1115,Net 7,1115,23-04-2024-12-52
Success,,0011e00000obfmVAAQ,CC1116,Net 10,1116,23-04-2024-12-52
Success,,0011e00000obfmWAAQ,CC1117,Net 30,1117,23-04-2024-12-52
Success,,0011e00000obfmXAAQ,CC1118,Net 60,1118,23-04-2024-12-52
Success,,0011e00000obfmYAAQ,CC1119,Net 90,1119,23-04-2024-12-52
Success,,0011e00000obfmZAAQ,CC1120,EOM,1120,23-04-2024-12-52
Success,,0011e00000obfmaAAA,CC1121,PIA,1121,23-04-2024-12-52
Success,,0011e00000obfmbAAA,CC1122,Net 7,1122,23-04-2024-12-52
Success,,0011e00000obfmcAAA,CC1123,Net 10,1123,23-04-2024-12-52
Success,,0011e00000obfmdAAA,CC1124,Net 30,1124,23-04-2024-12-52
Success,,0011e00000obfmeAAA,CC1125,Net 60,1125,23-04-2024-12-52
Success,,0011e00000obfmfAAA,CC1126,Net 90,1126,23-04-2024-12-52
Success,,0011e00000obfmgAAA,CC1127,EOM,1127,23-04-2024-12-52
Success,,0011e00000obfmhAAA,CC1128,PIA,1128,23-04-2024-12-52
Success,,0011e00000obfmiAAA,CC1129,Net 7,1129,23-04-2024-12-52
Success,,0011e00000obfmjAAA,CC1130,Net 10,1130,23-04-2024-12-52
Success,,0011e00000obfmkAAA,CC1131,Net 30,1131,23-04-2024-12-52
Success,,0011e00000obfmlAAA,CC1132,Net 60,1132,23-04-2024-12-52
Success,,0011e00000obfmmAAA,CC1133,Net 90,1133,23-04-2024-12-52
Success,,0011e00000obfmnAAA,CC1134,EOM,1134,23-04-2024-12-52
Success,,0011e00000obfmoAAA,CC1135,PIA,1135,23-04-2024-12-52
Success,,0011e00000obfmpAAA,CC1136,Net 7,1136,23-04-2024-12-52
Success,,0011e00000obfmqAAA,CC1137,Net 10,1137,23-04-2024-12-52
Success,,0011e00000obfmrAAA,CC1138,Net 30,1138,23-04-2024-12-52
Success,,0011e00000obfmsAAA,CC1139,Net 60,1139,23-04-2024-12-52
Success,,0011e00000obfmtAAA,CC1140,Net 90,1140,23-04-2024-12-52
Success,,0011e00000obfmuAAA,CC1141,EOM,1141,23-04-2024-12-52
Success,,0011e00000obfmvAAA,CC1142,PIA,1142,23-04-2024-12-52
Success,,0011e00000obfmwAAA,CC1143,Net 7,1143,23-04-2024-12-52
Success,,0011e00000obfmxAAA,CC1144,Net 10,1144,23-04-2024-12-52
Success,,0011e00000obfmyAAA,CC1145,Net 30,1145,23-04-2024-12-52
Success,,0011e00000obfmzAAA,CC1146,Net 60,1146,23-04-2024-12-52
Success,,0011e00000obfn0AAA,CC1147,Net 90,1147,23-04-2024-12-52
Success,,0011e00000obfn1AAA,CC1148,EOM,1148,23-04-2024-12-52
Success,,0011e00000obfn2AAA,CC1149,PIA,1149,23-04-2024-12-52
Success,,0011e00000obfn3AAA,CC1150,Net 7,1150,23-04-2024-12-52
Success,,0011e00000obfn4AAA,CC1151,Net 10,1151,23-04-2024-12-52
Success,,0011e00000obfn5AAA,CC1152,Net 30,1152,23-04-2024-12-52
Success,,0011e00000obfn6AAA,CC1153,Net 60,1153,23-04-2024-12-52
Success,,0011e00000obfn7AAA,CC1154,Net 90,1154,23-04-2024-12-52
Success,,0011e00000obfn8AAA,CC1155,EOM,1155,23-04-2024-12-52
Success,,0011e00000obfn9AAA,CC1156,PIA,1156,23-04-2024-12-52
Success,,0011e00000obfnAAAQ,CC1157,Net 7,1157,23-04-2024-12-52
Success,,0011e00000obfnBAAQ,CC1158,Net 10,1158,23-04-2024-12-52
Success,,0011e00000obfnCAAQ,CC1159,Net 30,1159,23-04-2024-12-52
Success,,0011e00000obfnDAAQ,CC1160,Net 60,1160,23-04-2024-12-52
Success,,0011e00000obfnEAAQ,CC1161,Net 90,1161,23-04-2024-12-52
Success,,0011e00000obfnFAAQ,CC1162,EOM,1162,23-04-2024-12-52
Success,,0011e00000obfnGAAQ,CC1163,PIA,1163,23-04-2024-12-52
Success,,0011e00000obfnHAAQ,CC1164,Net 7,1164,23-04-2024-12-52
Success,,0011e00000obfnIAAQ,CC1165,Net 10,1165,23-04-2024-12-52
Success,,0011e00000obfnJAAQ,CC1166,Net 30,1166,23-04-2024-12-52
Success,,0011e00000obfnKAAQ,CC1167,Net 60,1167,23-04-2024-12-52
Success,,0011e00000obfnLAAQ,CC1168,Net 90,1168,23-04-2024-12-52
Success,,0011e00000obfnMAAQ,CC1169,EOM,1169,23-04-2024-12-52
Success,,0011e00000obfnNAAQ,CC1170,PIA,1170,23-04-2024-12-52
Success,,0011e00000obfnOAAQ,CC1171,Net 7,1171,23-04-2024-12-52
Success,,0011e00000obfnPAAQ,CC1172,Net 10,1172,23-04-2024-12-52
Success,,0011e00000obfnQAAQ,CC1173,Net 30,1173,23-04-2024-12-52
Success,,0011e00000obfnRAAQ,CC1174,Net 60,1174,23-04-2024-12-52
Success,,0011e00000obfnSAAQ,CC1175,Net 90,1175,23-04-2024-12-52
Success,,0011e00000obfnTAAQ,CC1176,EOM,1176,23-04-2024-12-52
Success,,0011e00000obfnUAAQ,CC1177,PIA,1177,23-04-2024-12-52
Success,,0011e00000obfnVAAQ,CC1178,Net 7,1178,23-04-2024-12-52
Success,,0011e00000obfnWAAQ,CC1179,Net 10,1179,23-04-2024-12-52
Success,,0011e00000obfnXAAQ,CC1180,Net 30,1180,23-04-2024-12-52
Success,,0011e00000obfnYAAQ,CC1181,Net 60,1181,23-04-2024-12-52
Success,,0011e00000obfnZAAQ,CC1182,Net 90,1182,23-04-2024-12-52
Success,,0011e00000obfnaAAA,CC1183,EOM,1183,23-04-2024-12-52
Success,,0011e00000obfnbAAA,CC1184,PIA,1184,23-04-2024-12-52
Success,,0011e00000obfncAAA,CC1185,Net 7,1185,23-04-2024-12-52
Success,,0011e00000obfndAAA,CC1186,Net 10,1186,23-04-2024-12-52
Success,,0011e00000obfneAAA,CC1187,Net 30,1187,23-04-2024-12-52
Success,,0011e00000obfnfAAA,CC1188,Net 60,1188,23-04-2024-12-52
Success,,0011e00000obfngAAA,CC1189,Net 90,1189,23-04-2024-12-52
Success,,0011e00000obfnhAAA,CC1190,EOM,1190,23-04-2024-12-52
Success,,0011e00000obfniAAA,CC1191,PIA,1191,23-04-2024-12-52
Success,,0011e00000obfnjAAA,CC1192,Net 7,1192,23-04-2024-12-52
Success,,0011e00000obfnkAAA,CC1193,Net 10,1193,23-04-2024-12-52
Success,,0011e00000obfnlAAA,CC1194,Net 30,1194,23-04-2024-12-52
Success,,0011e00000obfnmAAA,CC1195,Net 60,1195,23-04-2024-12-52
Success,,0011e00000obfnnAAA,CC1196,Net 90,1196,23-04-2024-12-52
Success,,0011e00000obfnoAAA,CC1197,EOM,1197,23-04-2024-12-52
Success,,0011e00000obfnpAAA,CC1198,PIA,1198,23-04-2024-12-52
Success,,0011e00000obfnqAAA,CC1199,Net 7,1199,23-04-2024-12-52
Success,,0011e00000obfnrAAA,CC1200,Net 10,1200,23-04-2024-12-52
Success,,0011e00000obfnsAAA,CC1201,Net 30,1201,23-04-2024-12-52
Success,,0011e00000obfntAAA,CC1202,Net 60,1202,23-04-2024-12-52
Success,,0011e00000obfnuAAA,CC1203,Net 90,1203,23-04-2024-12-52
Success,,0011e00000obfnvAAA,CC1204,EOM,1204,23-04-2024-12-52
Success,,0011e00000obfnwAAA,CC1205,PIA,1205,23-04-2024-12-52
Success,,0011e00000obfnxAAA,CC1206,Net 7,1206,23-04-2024-12-52
Success,,0011e00000obfnyAAA,CC1207,Net 10,1207,23-04-2024-12-52
Success,,0011e00000obfnzAAA,CC1208,Net 30,1208,23-04-2024-12-52
Success,,0011e00000obfo0AAA,CC1209,Net 60,1209,23-04-2024-12-52
Success,,0011e00000obfo1AAA,CC1210,Net 90,1210,23-04-2024-12-52
Success,,0011e00000obfo2AAA,CC1211,EOM,1211,23-04-2024-12-52
Success,,0011e00000obfo3AAA,CC1212,PIA,1212,23-04-2024-12-52
Success,,0011e00000obfo4AAA,CC1213,Net 7,1213,23-04-2024-12-52
Success,,0011e00000obfo5AAA,CC1214,Net 10,1214,23-04-2024-12-52
Success,,0011e00000obfo6AAA,CC1215,Net 30,1215,23-04-2024-12-52
Success,,0011e00000obfo7AAA,CC1216,Net 60,1216,23-04-2024-12-52
Success,,0011e00000obfo8AAA,CC1217,Net 90,1217,23-04-2024-12-52
Success,,0011e00000obfo9AAA,CC1218,EOM,1218,23-04-2024-12-52
Success,,0011e00000obfoAAAQ,CC1219,PIA,1219,23-04-2024-12-52
Success,,0011e00000obfoBAAQ,CC1220,Net 7,1220,23-04-2024-12-52
Success,,0011e00000obfoCAAQ,CC1221,Net 10,1221,23-04-2024-12-52
Success,,0011e00000obfoDAAQ,CC1222,Net 30,1222,23-04-2024-12-52
Success,,0011e00000obfoEAAQ,CC1223,Net 60,1223,23-04-2024-12-52
Success,,0011e00000obfoFAAQ,CC1224,Net 90,1224,23-04-2024-12-52
Success,,0011e00000obfoGAAQ,CC1225,EOM,1225,23-04-2024-12-52
Success,,0011e00000obfoHAAQ,CC1226,PIA,1226,23-04-2024-12-52
Success,,0011e00000obfoIAAQ,CC1227,Net 7,1227,23-04-2024-12-52
Success,,0011e00000obfoJAAQ,CC1228,Net 10,1228,23-04-2024-12-52
Success,,0011e00000obfoKAAQ,CC1229,Net 30,1229,23-04-2024-12-52
Success,,0011e00000obfoLAAQ,CC1230,Net 60,1230,23-04-2024-12-52
Success,,0011e00000obfoMAAQ,CC1231,Net 90,1231,23-04-2024-12-52
Success,,0011e00000obfoNAAQ,CC1232,EOM,1232,23-04-2024-12-52
Success,,0011e00000obfoOAAQ,CC1233,PIA,1233,23-04-2024-12-52
Success,,0011e00000obfoPAAQ,CC1234,Net 7,1234,23-04-2024-12-52
Success,,0011e00000obfoQAAQ,CC1235,Net 10,1235,23-04-2024-12-52
Success,,0011e00000obfoRAAQ,CC1236,Net 30,1236,23-04-2024-12-52
Success,,0011e00000obfoSAAQ,CC1237,Net 60,1237,23-04-2024-12-52
Success,,0011e00000obfoTAAQ,CC1238,Net 90,1238,23-04-2024-12-52
Success,,0011e00000obfoUAAQ,CC1239,EOM,1239,23-04-2024-12-52
Success,,0011e00000obfoVAAQ,CC1240,PIA,1240,23-04-2024-12-52
Success,,0011e00000obfoWAAQ,CC1241,Net 7,1241,23-04-2024-12-52
Success,,0011e00000obfoXAAQ,CC1242,Net 10,1242,23-04-2024-12-52
Success,,0011e00000obfoYAAQ,CC1243,Net 30,1243,23-04-2024-12-52
Success,,0011e00000obfoZAAQ,CC1244,Net 60,1244,23-04-2024-12-52
Success,,0011e00000obfoaAAA,CC1245,Net 90,1245,23-04-2024-12-52
Success,,0011e00000obfobAAA,CC1246,EOM,1246,23-04-2024-12-52
Success,,0011e00000obfocAAA,CC1247,PIA,1247,23-04-2024-12-52
Success,,0011e00000obfodAAA,CC1248,Net 7,1248,23-04-2024-12-52
Success,,0011e00000obfoeAAA,CC1249,Net 10,1249,23-04-2024-12-52
Success,,0011e00000obfofAAA,CC1250,Net 30,1250,23-04-2024-12-52
Success,,0011e00000obfogAAA,CC1251,Net 60,1251,23-04-2024-12-52
Success,,0011e00000obfohAAA,CC1252,Net 90,1252,23-04-2024-12-52
Success,,0011e00000obfoiAAA,CC1253,EOM,1253,23-04-2024-12-52
Success,,0011e00000obfojAAA,CC1254,PIA,1254,23-04-2024-12-52
Success,,0011e00000obfokAAA,CC1255,Net 7,1255,23-04-2024-12-52
Success,,0011e00000obfolAAA,CC1256,Net 10,1256,23-04-2024-12-52
Success,,0011e00000obfomAAA,CC1257,Net 30,1257,23-04-2024-12-52
Success,,0011e00000obfonAAA,CC1258,Net 60,1258,23-04-2024-12-52
Success,,0011e00000obfooAAA,CC1259,Net 90,1259,23-04-2024-12-52
Success,,0011e00000obfopAAA,CC1260,EOM,1260,23-04-2024-12-52
Success,,0011e00000obfoqAAA,CC1261,PIA,1261,23-04-2024-12-52
Success,,0011e00000obforAAA,CC1262,Net 7,1262,23-04-2024-12-52
Success,,0011e00000obfosAAA,CC1263,Net 10,1263,23-04-2024-12-52
Success,,0011e00000obfotAAA,CC1264,Net 30,1264,23-04-2024-12-52
Success,,0011e00000obfouAAA,CC1265,Net 60,1265,23-04-2024-12-52
Success,,0011e00000obfovAAA,CC1266,Net 90,1266,23-04-2024-12-52