Success,,01t1e000002rlVvAAI,1,1,EX1,23-04-2024-12-52
Success,,01t1e000002rlW4AAI,10,10,EX10,23-04-2024-12-52
Success,,01t1e000002rlXWAAY,100,100,EX100,23-04-2024-12-52
Success,,01t1e000002rlXXAAY,101,101,EX101,23-04-2024-12-52
Success,,01t1e000002rlXYAAY,102,102,EX102,23-04-2024-12-52
Success,,01t1e000002rlXZAAY,103,103,EX103,23-04-2024-12-52
Success,,01t1e000002rlXaAAI,104,104,EX104,23-04-2024-12-52
Success,,01t1e000002rlXbAAI,105,105,EX105,23-04-2024-12-52
Success,,01t1e000002rlXcAAI,106,106,EX106,23-04-2024-12-52
Success,,01t1e000002rlXdAAI,107,107,EX107,23-04-2024-12-52
Success,,01t1e000002rlXeAAI,108,108,EX108,23-04-2024-12-52
Success,,01t1e000002rlXfAAI,109,109,EX109,23-04-2024-12-52
Success,,01t1e000002rlW5AAI,11,11,EX11,23-04-2024-12-52
Success,,01t1e000002rlXgAAI,110,110,EX110,23-04-2024-12-52
Success,,01t1e000002rlXhAAI,111,111,EX111,23-04-2024-12-52
Success,,01t1e000002rlXiAAI,112,112,EX112,23-04-2024-12-52
Success,,01t1e000002rlXjAAI,113,113,EX113,23-04-2024-12-52
Success,,01t1e000002rlXkAAI,114,114,EX114,23-04-2024-12-52
Success,,01t1e000002rlXlAAI,115,115,EX115,23-04-2024-12-52
Success,,01t1e000002rlXmAAI,116,116,EX116,23-04-2024-12-52
Success,,01t1e000002rlXnAAI,117,117,EX117,23-04-2024-12-52
Success,,01t1e000002rlXoAAI,118,118,EX118,23-04-2024-12-52
Success,,01t1e000002rlXpAAI,119,119,EX119,23-04-2024-12-52
Success,,01t1e000002rlW6AAI,12,12,EX12,23-04-2024-12-52
Success,,01t1e000002rlXqAAI,120,120,EX120,23-04-2024-12-52
Success,,01t1e000002rlXrAAI,121,121,EX121,23-04-2024-12-52
Success,,01t1e000002rlXsAAI,122,122,EX122,23-04-2024-12-52
Success,,01t1e000002rlXtAAI,123,123,EX123,23-04-2024-12-52
Success,,01t1e000002rlXuAAI,124,124,EX124,23-04-2024-12-52
Success,,01t1e000002rlXvAAI,125,125,EX125,23-04-2024-12-52
Success,,01t1e000002rlXwAAI,126,126,EX126,23-04-2024-12-52
Success,,01t1e000002rlXxAAI,127,127,EX127,23-04-2024-12-52
Success,,01t1e000002rlXyAAI,128,128,EX128,23-04-2024-12-52
Success,,01t1e000002rlXzAAI,129,129,EX129,23-04-2024-12-52
Success,,01t1e000002rlW7AAI,13,13,EX13,23-04-2024-12-52
Success,,01t1e000002rlY0AAI,130,130,EX130,23-04-2024-12-52
Success,,01t1e000002rlY1AAI,131,131,EX131,23-04-2024-12-52
Success,,01t1e000002rlY2AAI,132,132,EX132,23-04-2024-12-52
Success,,01t1e000002rlY3AAI,133,133,EX133,23-04-2024-12-52
Success,,01t1e000002rlY4AAI,134,134,EX134,23-04-2024-12-52
Success,,01t1e000002rlY5AAI,135,135,EX135,23-04-2024-12-52
Success,,01t1e000002rlY6AAI,136,136,EX136,23-04-2024-12-52
Success,,01t1e000002rlY7AAI,137,137,EX137,23-04-2024-12-52
Success,,01t1e000002rlY8AAI,138,138,EX138,23-04-2024-12-52
Success,,01t1e000002rlY9AAI,139,139,EX139,23-04-2024-12-52
Success,,01t1e000002rlW8AAI,14,14,EX14,23-04-2024-12-52
Success,,01t1e000002rlYAAAY,140,140,EX140,23-04-2024-12-52
Success,,01t1e000002rlYBAAY,141,141,EX141,23-04-2024-12-52
Success,,01t1e000002rlYCAAY,142,142,EX142,23-04-2024-12-52
Success,,01t1e000002rlYDAAY,143,143,EX143,23-04-2024-12-52
Success,,01t1e000002rlYEAAY,144,144,EX144,23-04-2024-12-52
Success,,01t1e000002rlYFAAY,145,145,EX145,23-04-2024-12-52
Success,,01t1e000002rlYGAAY,146,146,EX146,23-04-2024-12-52
Success,,01t1e000002rlYHAAY,147,147,EX147,23-04-2024-12-52
Success,,01t1e000002rlYIAAY,148,148,EX148,23-04-2024-12-52
Success,,01t1e000002rlYJAAY,149,149,EX149,23-04-2024-12-52
Success,,01t1e000002rlW9AAI,15,15,EX15,23-04-2024-12-52
Success,,01t1e000002rlYKAAY,150,150,EX150,23-04-2024-12-52
Success,,01t1e000002rlYLAAY,151,151,EX151,23-04-2024-12-52
Success,,01t1e000002rlYMAAY,152,152,EX152,23-04-2024-12-52
Success,,01t1e000002rlYNAAY,153,153,EX153,23-04-2024-12-52
Success,,01t1e000002rlYOAAY,154,154,EX154,23-04-2024-12-52
Success,,01t1e000002rlYPAAY,155,155,EX155,23-04-2024-12-52
Success,,01t1e000002rlYQAAY,156,156,EX156,23-04-2024-12-52
Success,,01t1e000002rlYRAAY,157,157,EX157,23-04-2024-12-52
Success,,01t1e000002rlYSAAY,158,158,EX158,23-04-2024-12-52
Success,,01t1e000002rlYTAAY,159,159,EX159,23-04-2024-12-52
Success,,01t1e000002rlWAAAY,16,16,EX16,23-04-2024-12-52
Success,,01t1e000002rlYUAAY,160,160,EX160,23-04-2024-12-52
Success,,01t1e000002rlYVAAY,161,161,EX161,23-04-2024-12-52
Success,,01t1e000002rlYWAAY,162,162,EX162,23-04-2024-12-52
Success,,01t1e000002rlYXAAY,163,163,EX163,23-04-2024-12-52
Success,,01t1e000002rlYYAAY,164,164,EX164,23-04-2024-12-52
Success,,01t1e000002rlYZAAY,165,165,EX165,23-04-2024-12-52
Success,,01t1e000002rlYaAAI,166,166,EX166,23-04-2024-12-52
Success,,01t1e000002rlYbAAI,167,167,EX167,23-04-2024-12-52
Success,,01t1e000002rlYcAAI,168,168,EX168,23-04-2024-12-52
Success,,01t1e000002rlYdAAI,169,169,EX169,23-04-2024-12-52
Success,,01t1e000002rlWBAAY,17,17,EX17,23-04-2024-12-52
Success,,01t1e000002rlYeAAI,170,170,EX170,23-04-2024-12-52
Success,,01t1e000002rlYfAAI,171,171,EX171,23-04-2024-12-52
Success,,01t1e000002rlYgAAI,172,172,EX172,23-04-2024-12-52
Success,,01t1e000002rlYhAAI,173,173,EX173,23-04-2024-12-52
Success,,01t1e000002rlYiAAI,174,174,EX174,23-04-2024-12-52
Success,,01t1e000002rlYjAAI,175,175,EX175,23-04-2024-12-52
Success,,01t1e000002rlYkAAI,176,176,EX176,23-04-2024-12-52
Success,,01t1e000002rlYlAAI,177,177,EX177,23-04-2024-12-52
Success,,01t1e000002rlYmAAI,178,178,EX178,23-04-2024-12-52
Success,,01t1e000002rlYnAAI,179,179,EX179,23-04-2024-12-52
Success,,01t1e000002rlWCAAY,18,18,EX18,23-04-2024-12-52
Success,,01t1e000002rlYoAAI,180,180,EX180,23-04-2024-12-52
Success,,01t1e000002rlYpAAI,181,181,EX181,23-04-2024-12-52
Success,,01t1e000002rlYqAAI,182,182,EX182,23-04-2024-12-52
Success,,01t1e000002rlYrAAI,183,183,EX183,23-04-2024-12-52
Success,,01t1e000002rlYsAAI,184,184,EX184,23-04-2024-12-52
Success,,01t1e000002rlYtAAI,185,185,EX185,23-04-2024-12-52
Success,,01t1e000002rlYuAAI,186,186,EX186,23-04-2024-12-52
Success,,01t1e000002rlYvAAI,187,187,EX187,23-04-2024-12-52
Success,,01t1e000002rlYwAAI,188,188,EX188,23-04-2024-12-52
Success,,01t1e000002rlYxAAI,189,189,EX189,23-04-2024-12-52
Success,,01t1e000002rlWDAAY,19,19,EX19,23-04-2024-12-52
Success,,01t1e000002rlYyAAI,190,190,EX190,23-04-2024-12-52
Success,,01t1e000002rlYzAAI,191,191,EX191,23-04-2024-12-52
Success,,01t1e000002rlZ0AAI,192,192,EX192,23-04-2024-12-52
Success,,01t1e000002rlZ1AAI,193,193,EX193,23-04-2024-12-52
Success,,01t1e000002rlZ2AAI,194,194,EX194,23-04-2024-12-52
Success,,01t1e000002rlZ3AAI,195,195,EX195,23-04-2024-12-52
Success,,01t1e000002rlZ4AAI,196,196,EX196,23-04-2024-12-52
Success,,01t1e000002rlZ5AAI,197,197,EX197,23-04-2024-12-52
Success,,01t1e000002rlZ6AAI,198,198,EX198,23-04-2024-12-52
Success,,01t1e000002rlZ7AAI,199,199,EX199,23-04-2024-12-52
Success,,01t1e000002rlVwAAI,2,2,EX2,23-04-2024-12-52
Success,,01t1e000002rlWEAAY,20,20,EX20,23-04-2024-12-52
Success,,01t1e000002rlZ8AAI,200,200,EX200,23-04-2024-12-52
Success,,01t1e000002rlZ9AAI,201,201,EX201,23-04-2024-12-52
Success,,01t1e000002rlZAAAY,202,202,EX202,23-04-2024-12-52
Success,,01t1e000002rlZBAAY,203,203,EX203,23-04-2024-12-52
Success,,01t1e000002rlZCAAY,204,204,EX204,23-04-2024-12-52
Success,,01t1e000002rlZDAAY,205,205,EX205,23-04-2024-12-52
Success,,01t1e000002rlZEAAY,206,206,EX206,23-04-2024-12-52
Success,,01t1e000002rlZFAAY,207,207,EX207,23-04-2024-12-52
Success,,01t1e000002rlZGAAY,208,208,EX208,23-04-2024-12-52
Success,,01t1e000002rlZHAAY,209,209,EX209,23-04-2024-12-52
Success,,01t1e000002rlWFAAY,21,21,EX21,23-04-2024-12-52
Success,,01t1e000002rlZIAAY,210,210,EX210,23-04-2024-12-52
Success,,01t1e000002rlZJAAY,211,211,EX211,23-04-2024-12-52
Success,,01t1e000002rlZKAAY,212,212,EX212,23-04-2024-12-52
Success,,01t1e000002rlZLAAY,213,213,EX213,23-04-2024-12-52
Success,,01t1e000002rlZMAAY,214,214,EX214,23-04-2024-12-52
Success,,01t1e000002rlZNAAY,215,215,EX215,23-04-2024-12-52
Success,,01t1e000002rlZOAAY,216,216,EX216,23-04-2024-12-52
Success,,01t1e000002rlZPAAY,217,217,EX217,23-04-2024-12-52
Success,,01t1e000002rlZQAAY,218,218,EX218,23-04-2024-12-52
Success,,01t1e000002rlZRAAY,219,219,EX219,23-04-2024-12-52
Success,,01t1e000002rlWGAAY,22,22,EX22,23-04-2024-12-52
Success,,01t1e000002rlZSAAY,220,220,EX220,23-04-2024-12-52
Success,,01t1e000002rlZTAAY,221,221,EX221,23-04-2024-12-52
Success,,01t1e000002rlZUAAY,222,222,EX222,23-04-2024-12-52
Success,,01t1e000002rlZVAAY,223,223,EX223,23-04-2024-12-52
Success,,01t1e000002rlZWAAY,224,224,EX224,23-04-2024-12-52
Success,,01t1e000002rlZXAAY,225,225,EX225,23-04-2024-12-52
Success,,01t1e000002rlZYAAY,226,226,EX226,23-04-2024-12-52
Success,,01t1e000002rlZZAAY,227,227,EX227,23-04-2024-12-52
Success,,01t1e000002rlZaAAI,228,228,EX228,23-04-2024-12-52
Success,,01t1e000002rlZbAAI,229,229,EX229,23-04-2024-12-52
Success,,01t1e000002rlWHAAY,23,23,EX23,23-04-2024-12-52
Success,,01t1e000002rlZcAAI,230,230,EX230,23-04-2024-12-52
Success,,01t1e000002rlZdAAI,231,231,EX231,23-04-2024-12-52
Success,,01t1e000002rlZeAAI,232,232,EX232,23-04-2024-12-52
Success,,01t1e000002rlZfAAI,233,233,EX233,23-04-2024-12-52
Success,,01t1e000002rlZgAAI,234,234,EX234,23-04-2024-12-52
Success,,01t1e000002rlZhAAI,235,235,EX235,23-04-2024-12-52
Success,,01t1e000002rlZiAAI,236,236,EX236,23-04-2024-12-52
Success,,01t1e000002rlZjAAI,237,237,EX237,23-04-2024-12-52
Success,,01t1e000002rlZkAAI,238,238,EX238,23-04-2024-12-52
Success,,01t1e000002rlZlAAI,239,239,EX239,23-04-2024-12-52
Success,,01t1e000002rlWIAAY,24,24,EX24,23-04-2024-12-52
Success,,01t1e000002rlZmAAI,240,240,EX240,23-04-2024-12-52
Success,,01t1e000002rlZnAAI,241,241,EX241,23-04-2024-12-52
Success,,01t1e000002rlZoAAI,242,242,EX242,23-04-2024-12-52
Success,,01t1e000002rlZpAAI,243,243,EX243,23-04-2024-12-52
Success,,01t1e000002rlZqAAI,244,244,EX244,23-04-2024-12-52
Success,,01t1e000002rlZrAAI,245,245,EX245,23-04-2024-12-52
Success,,01t1e000002rlZsAAI,246,246,EX246,23-04-2024-12-52
Success,,01t1e000002rlZtAAI,247,247,EX247,23-04-2024-12-52
Success,,01t1e000002rlZuAAI,248,248,EX248,23-04-2024-12-52
Success,,01t1e000002rlZvAAI,249,249,EX249,23-04-2024-12-52
Success,,01t1e000002rlWJAAY,25,25,EX25,23-04-2024-12-52
Success,,01t1e000002rlZwAAI,250,250,EX250,23-04-2024-12-52
Success,,01t1e000002rlZxAAI,251,251,EX251,23-04-2024-12-52
Success,,01t1e000002rlZyAAI,252,252,EX252,23-04-2024-12-52
Success,,01t1e000002rlZzAAI,253,253,EX253,23-04-2024-12-52
Success,,01t1e000002rla0AAA,254,254,EX254,23-04-2024-12-52
Success,,01t1e000002rla1AAA,255,255,EX255,23-04-2024-12-52
Success,,01t1e000002rla2AAA,256,256,EX256,23-04-2024-12-52
Success,,01t1e000002rla3AAA,257,257,EX257,23-04-2024-12-52
Success,,01t1e000002rla4AAA,258,258,EX258,23-04-2024-12-52
Success,,01t1e000002rla5AAA,259,259,EX259,23-04-2024-12-52
Success,,01t1e000002rlWKAAY,26,26,EX26,23-04-2024-12-52
Success,,01t1e000002rla6AAA,260,260,EX260,23-04-2024-12-52
Success,,01t1e000002rla7AAA,261,261,EX261,23-04-2024-12-52
Success,,01t1e000002rla8AAA,262,262,EX262,23-04-2024-12-52
Success,,01t1e000002rla9AAA,263,263,EX263,23-04-2024-12-52
Success,,01t1e000002rlaAAAQ,264,264,EX264,23-04-2024-12-52
Success,,01t1e000002rlaBAAQ,265,265,EX265,23-04-2024-12-52
Success,,01t1e000002rlaCAAQ,266,266,EX266,23-04-2024-12-52
Success,,01t1e000002rlaDAAQ,267,267,EX267,23-04-2024-12-52
Success,,01t1e000002rlaEAAQ,268,268,EX268,23-04-2024-12-52
Success,,01t1e000002rlaFAAQ,269,269,EX269,23-04-2024-12-52
Success,,01t1e000002rlWLAAY,27,27,EX27,23-04-2024-12-52
Success,,01t1e000002rlaGAAQ,270,270,EX270,23-04-2024-12-52
Success,,01t1e000002rlaHAAQ,271,271,EX271,23-04-2024-12-52
Success,,01t1e000002rlaIAAQ,272,272,EX272,23-04-2024-12-52
Success,,01t1e000002rlaJAAQ,273,273,EX273,23-04-2024-12-52
Success,,01t1e000002rlaKAAQ,274,274,EX274,23-04-2024-12-52
Success,,01t1e000002rlaLAAQ,275,275,EX275,23-04-2024-12-52
Success,,01t1e000002rlaMAAQ,276,276,EX276,23-04-2024-12-52
Success,,01t1e000002rlaNAAQ,277,277,EX277,23-04-2024-12-52
Success,,01t1e000002rlaOAAQ,278,278,EX278,23-04-2024-12-52
Success,,01t1e000002rlaPAAQ,279,279,EX279,23-04-2024-12-52
Success,,01t1e000002rlWMAAY,28,28,EX28,23-04-2024-12-52
Success,,01t1e000002rlaQAAQ,280,280,EX280,23-04-2024-12-52
Success,,01t1e000002rlaRAAQ,281,281,EX281,23-04-2024-12-52
Success,,01t1e000002rlaSAAQ,282,282,EX282,23-04-2024-12-52
Success,,01t1e000002rlaTAAQ,283,283,EX283,23-04-2024-12-52
Success,,01t1e000002rlaUAAQ,284,284,EX284,23-04-2024-12-52
Success,,01t1e000002rlaVAAQ,285,285,EX285,23-04-2024-12-52
Success,,01t1e000002rlaWAAQ,286,286,EX286,23-04-2024-12-52
Success,,01t1e000002rlaXAAQ,287,287,EX287,23-04-2024-12-52
Success,,01t1e000002rlaYAAQ,288,288,EX288,23-04-2024-12-52
Success,,01t1e000002rlaZAAQ,289,289,EX289,23-04-2024-12-52
Success,,01t1e000002rlWNAAY,29,29,EX29,23-04-2024-12-52
Success,,01t1e000002rlaaAAA,290,290,EX290,23-04-2024-12-52
Success,,01t1e000002rlabAAA,291,291,EX291,23-04-2024-12-52
Success,,01t1e000002rlacAAA,292,292,EX292,23-04-2024-12-52
Success,,01t1e000002rladAAA,293,293,EX293,23-04-2024-12-52
Success,,01t1e000002rlaeAAA,294,294,EX294,23-04-2024-12-52
Success,,01t1e000002rlafAAA,295,295,EX295,23-04-2024-12-52
Success,,01t1e000002rlagAAA,296,296,EX296,23-04-2024-12-52
Success,,01t1e000002rlahAAA,297,297,EX297,23-04-2024-12-52
Success,,01t1e000002rlaiAAA,298,298,EX298,23-04-2024-12-52
Success,,01t1e000002rlajAAA,299,299,EX299,23-04-2024-12-52
Success,,01t1e000002rlVxAAI,3,3,EX3,23-04-2024-12-52
Success,,01t1e000002rlWOAAY,30,30,EX30,23-04-2024-12-52
Success,,01t1e000002rlakAAA,300,300,EX300,23-04-2024-12-52
Success,,01t1e000002rlalAAA,301,301,EX301,23-04-2024-12-52
Success,,01t1e000002rlamAAA,302,302,EX302,23-04-2024-12-52
Success,,01t1e000002rlanAAA,303,303,EX303,23-04-2024-12-52
Success,,01t1e000002rlaoAAA,304,304,EX304,23-04-2024-12-52
Success,,01t1e000002rlapAAA,305,305,EX305,23-04-2024-12-52
Success,,01t1e000002rlaqAAA,306,306,EX306,23-04-2024-12-52
Success,,01t1e000002rlarAAA,307,307,EX307,23-04-2024-12-52
Success,,01t1e000002rlasAAA,308,308,EX308,23-04-2024-12-52
Success,,01t1e000002rlatAAA,309,309,EX309,23-04-2024-12-52
Success,,01t1e000002rlWPAAY,31,31,EX31,23-04-2024-12-52
Success,,01t1e000002rlauAAA,310,310,EX310,23-04-2024-12-52
Success,,01t1e000002rlavAAA,311,311,EX311,23-04-2024-12-52
Success,,01t1e000002rlawAAA,312,312,EX312,23-04-2024-12-52
Success,,01t1e000002rlaxAAA,313,313,EX313,23-04-2024-12-52
Success,,01t1e000002rlayAAA,314,314,EX314,23-04-2024-12-52
Success,,01t1e000002rlazAAA,315,315,EX315,23-04-2024-12-52
Success,,01t1e000002rlb0AAA,316,316,EX316,23-04-2024-12-52
Success,,01t1e000002rlb1AAA,317,317,EX317,23-04-2024-12-52
Success,,01t1e000002rlb2AAA,318,318,EX318,23-04-2024-12-52
Success,,01t1e000002rlb3AAA,319,319,EX319,23-04-2024-12-52
Success,,01t1e000002rlWQAAY,32,32,EX32,23-04-2024-12-52
Success,,01t1e000002rlb4AAA,320,320,EX320,23-04-2024-12-52
Success,,01t1e000002rlb5AAA,321,321,EX321,23-04-2024-12-52
Success,,01t1e000002rlb6AAA,322,322,EX322,23-04-2024-12-52
Success,,01t1e000002rlb7AAA,323,323,EX323,23-04-2024-12-52
Success,,01t1e000002rlb8AAA,324,324,EX324,23-04-2024-12-52
Success,,01t1e000002rlb9AAA,325,325,EX325,23-04-2024-12-52
Success,,01t1e000002rlbAAAQ,326,326,EX326,23-04-2024-12-52
Success,,01t1e000002rlbBAAQ,327,327,EX327,23-04-2024-12-52
Success,,01t1e000002rlbCAAQ,328,328,EX328,23-04-2024-12-52
Success,,01t1e000002rlbDAAQ,329,329,EX329,23-04-2024-12-52
Success,,01t1e000002rlWRAAY,33,33,EX33,23-04-2024-12-52
Success,,01t1e000002rlbEAAQ,330,330,EX330,23-04-2024-12-52
Success,,01t1e000002rlbFAAQ,331,331,EX331,23-04-2024-12-52
Success,,01t1e000002rlbGAAQ,332,332,EX332,23-04-2024-12-52
Success,,01t1e000002rlbHAAQ,333,333,EX333,23-04-2024-12-52
Success,,01t1e000002rlbIAAQ,334,334,EX334,23-04-2024-12-52
Success,,01t1e000002rlbJAAQ,335,335,EX335,23-04-2024-12-52
Success,,01t1e000002rlbKAAQ,336,336,EX336,23-04-2024-12-52
Success,,01t1e000002rlbLAAQ,337,337,EX337,23-04-2024-12-52
Success,,01t1e000002rlbMAAQ,338,338,EX338,23-04-2024-12-52
Success,,01t1e000002rlbNAAQ,339,339,EX339,23-04-2024-12-52
Success,,01t1e000002rlWSAAY,34,34,EX34,23-04-2024-12-52
Success,,01t1e000002rlbOAAQ,340,340,EX340,23-04-2024-12-52
Success,,01t1e000002rlbPAAQ,341,341,EX341,23-04-2024-12-52
Success,,01t1e000002rlbQAAQ,342,342,EX342,23-04-2024-12-52
Success,,01t1e000002rlbRAAQ,343,343,EX343,23-04-2024-12-52
Success,,01t1e000002rlbSAAQ,344,344,EX344,23-04-2024-12-52
Success,,01t1e000002rlbTAAQ,345,345,EX345,23-04-2024-12-52
Success,,01t1e000002rlbUAAQ,346,346,EX346,23-04-2024-12-52
Success,,01t1e000002rlbVAAQ,347,347,EX347,23-04-2024-12-52
Success,,01t1e000002rlbWAAQ,348,348,EX348,23-04-2024-12-52
Success,,01t1e000002rlbXAAQ,349,349,EX349,23-04-2024-12-52
Success,,01t1e000002rlWTAAY,35,35,EX35,23-04-2024-12-52
Success,,01t1e000002rlbYAAQ,350,350,EX350,23-04-2024-12-52
Success,,01t1e000002rlbZAAQ,351,351,EX351,23-04-2024-12-52
Success,,01t1e000002rlbaAAA,352,352,EX352,23-04-2024-12-52
Success,,01t1e000002rlbbAAA,353,353,EX353,23-04-2024-12-52
Success,,01t1e000002rlbcAAA,354,354,EX354,23-04-2024-12-52
Success,,01t1e000002rlbdAAA,355,355,EX355,23-04-2024-12-52
Success,,01t1e000002rlbeAAA,356,356,EX356,23-04-2024-12-52
Success,,01t1e000002rlbfAAA,357,357,EX357,23-04-2024-12-52
Success,,01t1e000002rlbgAAA,358,358,EX358,23-04-2024-12-52
Success,,01t1e000002rlbhAAA,359,359,EX359,23-04-2024-12-52
Success,,01t1e000002rlWUAAY,36,36,EX36,23-04-2024-12-52
Success,,01t1e000002rlbiAAA,360,360,EX360,23-04-2024-12-52
Success,,01t1e000002rlbjAAA,361,361,EX361,23-04-2024-12-52
Success,,01t1e000002rlbkAAA,362,362,EX362,23-04-2024-12-52
Success,,01t1e000002rlblAAA,363,363,EX363,23-04-2024-12-52
Success,,01t1e000002rlbmAAA,364,364,EX364,23-04-2024-12-52
Success,,01t1e000002rlbnAAA,365,365,EX365,23-04-2024-12-52
Success,,01t1e000002rlboAAA,366,366,EX366,23-04-2024-12-52
Success,,01t1e000002rlbpAAA,367,367,EX367,23-04-2024-12-52
Success,,01t1e000002rlbqAAA,368,368,EX368,23-04-2024-12-52
Success,,01t1e000002rlbrAAA,369,369,EX369,23-04-2024-12-52
Success,,01t1e000002rlWVAAY,37,37,EX37,23-04-2024-12-52
Success,,01t1e000002rlbsAAA,370,370,EX370,23-04-2024-12-52
Success,,01t1e000002rlbtAAA,371,371,EX371,23-04-2024-12-52
Success,,01t1e000002rlbuAAA,372,372,EX372,23-04-2024-12-52
Success,,01t1e000002rlbvAAA,373,373,EX373,23-04-2024-12-52
Success,,01t1e000002rlbwAAA,374,374,EX374,23-04-2024-12-52
Success,,01t1e000002rlbxAAA,375,375,EX375,23-04-2024-12-52
Success,,01t1e000002rlbyAAA,376,376,EX376,23-04-2024-12-52
Success,,01t1e000002rlbzAAA,377,377,EX377,23-04-2024-12-52
Success,,01t1e000002rlc0AAA,378,378,EX378,23-04-2024-12-52
Success,,01t1e000002rlc1AAA,379,379,EX379,23-04-2024-12-52
Success,,01t1e000002rlWWAAY,38,38,EX38,23-04-2024-12-52
Success,,01t1e000002rlc2AAA,380,380,EX380,23-04-2024-12-52
Success,,01t1e000002rlc3AAA,381,381,EX381,23-04-2024-12-52
Success,,01t1e000002rlc4AAA,382,382,EX382,23-04-2024-12-52
Success,,01t1e000002rlc5AAA,383,383,EX383,23-04-2024-12-52
Success,,01t1e000002rlc6AAA,384,384,EX384,23-04-2024-12-52
Success,,01t1e000002rlc7AAA,385,385,EX385,23-04-2024-12-52
Success,,01t1e000002rlc8AAA,386,386,EX386,23-04-2024-12-52
Success,,01t1e000002rlc9AAA,387,387,EX387,23-04-2024-12-52
Success,,01t1e000002rlcAAAQ,388,388,EX388,23-04-2024-12-52
Success,,01t1e000002rlcBAAQ,389,389,EX389,23-04-2024-12-52
Success,,01t1e000002rlWXAAY,39,39,EX39,23-04-2024-12-52
Success,,01t1e000002rlcCAAQ,390,390,EX390,23-04-2024-12-52
Success,,01t1e000002rlcDAAQ,391,391,EX391,23-04-2024-12-52
Success,,01t1e000002rlcEAAQ,392,392,EX392,23-04-2024-12-52
Success,,01t1e000002rlcFAAQ,393,393,EX393,23-04-2024-12-52
Success,,01t1e000002rlcGAAQ,394,394,EX394,23-04-2024-12-52
Success,,01t1e000002rlcHAAQ,395,395,EX395,23-04-2024-12-52
Success,,01t1e000002rlcIAAQ,396,396,EX396,23-04-2024-12-52
Success,,01t1e000002rlcJAAQ,397,397,EX397,23-04-2024-12-52
Success,,01t1e000002rlcKAAQ,398,398,EX398,23-04-2024-12-52
Success,,01t1e000002rlcLAAQ,399,399,EX399,23-04-2024-12-52
Success,,01t1e000002rlVyAAI,4,4,EX4,23-04-2024-12-52
Success,,01t1e000002rlWYAAY,40,40,EX40,23-04-2024-12-52
Success,,01t1e000002rlcMAAQ,400,400,EX400,23-04-2024-12-52
Success,,01t1e000002rlcNAAQ,401,401,EX401,23-04-2024-12-52
Success,,01t1e000002rlcOAAQ,402,402,EX402,23-04-2024-12-52
Success,,01t1e000002rlcPAAQ,403,403,EX403,23-04-2024-12-52
Success,,01t1e000002rlcQAAQ,404,404,EX404,23-04-2024-12-52
Success,,01t1e000002rlcRAAQ,405,405,EX405,23-04-2024-12-52
Success,,01t1e000002rlcSAAQ,406,406,EX406,23-04-2024-12-52
Success,,01t1e000002rlcTAAQ,407,407,EX407,23-04-2024-12-52
Success,,01t1e000002rlcUAAQ,408,408,EX408,23-04-2024-12-52
Success,,01t1e000002rlcVAAQ,409,409,EX409,23-04-2024-12-52
Success,,01t1e000002rlWZAAY,41,41,EX41,23-04-2024-12-52
Success,,01t1e000002rlcWAAQ,410,410,EX410,23-04-2024-12-52
Success,,01t1e000002rlcXAAQ,411,411,EX411,23-04-2024-12-52
Success,,01t1e000002rlcYAAQ,412,412,EX412,23-04-2024-12-52
Success,,01t1e000002rlcZAAQ,413,413,EX413,23-04-2024-12-52
Success,,01t1e000002rlcaAAA,414,414,EX414,23-04-2024-12-52
Success,,01t1e000002rlcbAAA,415,415,EX415,23-04-2024-12-52
Success,,01t1e000002rlccAAA,416,416,EX416,23-04-2024-12-52
Success,,01t1e000002rlcdAAA,417,417,EX417,23-04-2024-12-52
Success,,01t1e000002rlceAAA,418,418,EX418,23-04-2024-12-52
Success,,01t1e000002rlcfAAA,419,419,EX419,23-04-2024-12-52
Success,,01t1e000002rlWaAAI,42,42,EX42,23-04-2024-12-52
Success,,01t1e000002rlcgAAA,420,420,EX420,23-04-2024-12-52
Success,,01t1e000002rlchAAA,421,421,EX421,23-04-2024-12-52
Success,,01t1e000002rlciAAA,422,422,EX422,23-04-2024-12-52
Success,,01t1e000002rlcjAAA,423,423,EX423,23-04-2024-12-52
Success,,01t1e000002rlckAAA,424,424,EX424,23-04-2024-12-52
Success,,01t1e000002rlclAAA,425,425,EX425,23-04-2024-12-52
Success,,01t1e000002rlcmAAA,426,426,EX426,23-04-2024-12-52
Success,,01t1e000002rlcnAAA,427,427,EX427,23-04-2024-12-52
Success,,01t1e000002rlcoAAA,428,428,EX428,23-04-2024-12-52
Success,,01t1e000002rlcpAAA,429,429,EX429,23-04-2024-12-52
Success,,01t1e000002rlWbAAI,43,43,EX43,23-04-2024-12-52
Success,,01t1e000002rlcqAAA,430,430,EX430,23-04-2024-12-52
Success,,01t1e000002rlcrAAA,431,431,EX431,23-04-2024-12-52
Success,,01t1e000002rlcsAAA,432,432,EX432,23-04-2024-12-52
Success,,01t1e000002rlctAAA,433,433,EX433,23-04-2024-12-52
Success,,01t1e000002rlcuAAA,434,434,EX434,23-04-2024-12-52
Success,,01t1e000002rlcvAAA,435,435,EX435,23-04-2024-12-52
Success,,01t1e000002rlcwAAA,436,436,EX436,23-04-2024-12-52
Success,,01t1e000002rlcxAAA,437,437,EX437,23-04-2024-12-52
Success,,01t1e000002rlcyAAA,438,438,EX438,23-04-2024-12-52
Success,,01t1e000002rlczAAA,439,439,EX439,23-04-2024-12-52
Success,,01t1e000002rlWcAAI,44,44,EX44,23-04-2024-12-52
Success,,01t1e000002rld0AAA,440,440,EX440,23-04-2024-12-52
Success,,01t1e000002rld1AAA,441,441,EX441,23-04-2024-12-52
Success,,01t1e000002rld2AAA,442,442,EX442,23-04-2024-12-52
Success,,01t1e000002rld3AAA,443,443,EX443,23-04-2024-12-52
Success,,01t1e000002rld4AAA,444,444,EX444,23-04-2024-12-52
Success,,01t1e000002rld5AAA,445,445,EX445,23-04-2024-12-52
Success,,01t1e000002rld6AAA,446,446,EX446,23-04-2024-12-52
Success,,01t1e000002rld7AAA,447,447,EX447,23-04-2024-12-52
Success,,01t1e000002rld8AAA,448,448,EX448,23-04-2024-12-52
Success,,01t1e000002rld9AAA,449,449,EX449,23-04-2024-12-52
Success,,01t1e000002rlWdAAI,45,45,EX45,23-04-2024-12-52
Success,,01t1e000002rldAAAQ,450,450,EX450,23-04-2024-12-52
Success,,01t1e000002rldBAAQ,451,451,EX451,23-04-2024-12-52
Success,,01t1e000002rldCAAQ,452,452,EX452,23-04-2024-12-52
Success,,01t1e000002rldDAAQ,453,453,EX453,23-04-2024-12-52
Success,,01t1e000002rldEAAQ,454,454,EX454,23-04-2024-12-52
Success,,01t1e000002rldFAAQ,455,455,EX455,23-04-2024-12-52
Success,,01t1e000002rldGAAQ,456,456,EX456,23-04-2024-12-52
Success,,01t1e000002rldHAAQ,457,457,EX457,23-04-2024-12-52
Success,,01t1e000002rldIAAQ,458,458,EX458,23-04-2024-12-52
Success,,01t1e000002rldJAAQ,459,459,EX459,23-04-2024-12-52
Success,,01t1e000002rlWeAAI,46,46,EX46,23-04-2024-12-52
Success,,01t1e000002rldKAAQ,460,460,EX460,23-04-2024-12-52
Success,,01t1e000002rldLAAQ,461,461,EX461,23-04-2024-12-52
Success,,01t1e000002rldMAAQ,462,462,EX462,23-04-2024-12-52
Success,,01t1e000002rldNAAQ,463,463,EX463,23-04-2024-12-52
Success,,01t1e000002rldOAAQ,464,464,EX464,23-04-2024-12-52
Success,,01t1e000002rldPAAQ,465,465,EX465,23-04-2024-12-52
Success,,01t1e000002rldQAAQ,466,466,EX466,23-04-2024-12-52
Success,,01t1e000002rldRAAQ,467,467,EX467,23-04-2024-12-52
Success,,01t1e000002rldSAAQ,468,468,EX468,23-04-2024-12-52
Success,,01t1e000002rldTAAQ,469,469,EX469,23-04-2024-12-52
Success,,01t1e000002rlWfAAI,47,47,EX47,23-04-2024-12-52
Success,,01t1e000002rldUAAQ,470,470,EX470,23-04-2024-12-52
Success,,01t1e000002rldVAAQ,471,471,EX471,23-04-2024-12-52
Success,,01t1e000002rldWAAQ,472,472,EX472,23-04-2024-12-52
Success,,01t1e000002rldXAAQ,473,473,EX473,23-04-2024-12-52
Success,,01t1e000002rldYAAQ,474,474,EX474,23-04-2024-12-52
Success,,01t1e000002rldZAAQ,475,475,EX475,23-04-2024-12-52
Success,,01t1e000002rldaAAA,476,476,EX476,23-04-2024-12-52
Success,,01t1e000002rldbAAA,477,477,EX477,23-04-2024-12-52
Success,,01t1e000002rldcAAA,478,478,EX478,23-04-2024-12-52
Success,,01t1e000002rlddAAA,479,479,EX479,23-04-2024-12-52
Success,,01t1e000002rlWgAAI,48,48,EX48,23-04-2024-12-52
Success,,01t1e000002rldeAAA,480,480,EX480,23-04-2024-12-52
Success,,01t1e000002rldfAAA,481,481,EX481,23-04-2024-12-52
Success,,01t1e000002rldgAAA,482,482,EX482,23-04-2024-12-52
Success,,01t1e000002rldhAAA,483,483,EX483,23-04-2024-12-52
Success,,01t1e000002rldiAAA,484,484,EX484,23-04-2024-12-52
Success,,01t1e000002rldjAAA,485,485,EX485,23-04-2024-12-52
Success,,01t1e000002rldkAAA,486,486,EX486,23-04-2024-12-52
Success,,01t1e000002rldlAAA,487,487,EX487,23-04-2024-12-52
Success,,01t1e000002rldmAAA,488,488,EX488,23-04-2024-12-52
Success,,01t1e000002rldnAAA,489,489,EX489,23-04-2024-12-52
Success,,01t1e000002rlWhAAI,49,49,EX49,23-04-2024-12-52
Success,,01t1e000002rldoAAA,490,490,EX490,23-04-2024-12-52
Success,,01t1e000002rldpAAA,491,491,EX491,23-04-2024-12-52
Success,,01t1e000002rldqAAA,492,492,EX492,23-04-2024-12-52
Success,,01t1e000002rldrAAA,493,493,EX493,23-04-2024-12-52
Success,,01t1e000002rldsAAA,494,494,EX494,23-04-2024-12-52
Success,,01t1e000002rldtAAA,495,495,EX495,23-04-2024-12-52
Success,,01t1e000002rlduAAA,496,496,EX496,23-04-2024-12-52
Success,,01t1e000002rldvAAA,497,497,EX497,23-04-2024-12-52
Success,,01t1e000002rldwAAA,498,498,EX498,23-04-2024-12-52
Success,,01t1e000002rldxAAA,499,499,EX499,23-04-2024-12-52
Success,,01t1e000002rlVzAAI,5,5,EX5,23-04-2024-12-52
Success,,01t1e000002rlWiAAI,50,50,EX50,23-04-2024-12-52
Success,,01t1e000002rldyAAA,500,500,EX500,23-04-2024-12-52
Success,,01t1e000002rlWjAAI,51,51,EX51,23-04-2024-12-52
Success,,01t1e000002rlWkAAI,52,52,EX52,23-04-2024-12-52
Success,,01t1e000002rlWlAAI,53,53,EX53,23-04-2024-12-52
Success,,01t1e000002rlWmAAI,54,54,EX54,23-04-2024-12-52
Success,,01t1e000002rlWnAAI,55,55,EX55,23-04-2024-12-52
Success,,01t1e000002rlWoAAI,56,56,EX56,23-04-2024-12-52
Success,,01t1e000002rlWpAAI,57,57,EX57,23-04-2024-12-52
Success,,01t1e000002rlWqAAI,58,58,EX58,23-04-2024-12-52
Success,,01t1e000002rlWrAAI,59,59,EX59,23-04-2024-12-52
Success,,01t1e000002rlW0AAI,6,6,EX6,23-04-2024-12-52
Success,,01t1e000002rlWsAAI,60,60,EX60,23-04-2024-12-52
Success,,01t1e000002rlWtAAI,61,61,EX61,23-04-2024-12-52
Success,,01t1e000002rlWuAAI,62,62,EX62,23-04-2024-12-52
Success,,01t1e000002rlWvAAI,63,63,EX63,23-04-2024-12-52
Success,,01t1e000002rlWwAAI,64,64,EX64,23-04-2024-12-52
Success,,01t1e000002rlWxAAI,65,65,EX65,23-04-2024-12-52
Success,,01t1e000002rlWyAAI,66,66,EX66,23-04-2024-12-52
Success,,01t1e000002rlWzAAI,67,67,EX67,23-04-2024-12-52
Success,,01t1e000002rlX0AAI,68,68,EX68,23-04-2024-12-52
Success,,01t1e000002rlX1AAI,69,69,EX69,23-04-2024-12-52
Success,,01t1e000002rlW1AAI,7,7,EX7,23-04-2024-12-52
Success,,01t1e000002rlX2AAI,70,70,EX70,23-04-2024-12-52
Success,,01t1e000002rlX3AAI,71,71,EX71,23-04-2024-12-52
Success,,01t1e000002rlX4AAI,72,72,EX72,23-04-2024-12-52
Success,,01t1e000002rlX5AAI,73,73,EX73,23-04-2024-12-52
Success,,01t1e000002rlX6AAI,74,74,EX74,23-04-2024-12-52
Success,,01t1e000002rlX7AAI,75,75,EX75,23-04-2024-12-52
Success,,01t1e000002rlX8AAI,76,76,EX76,23-04-2024-12-52
Success,,01t1e000002rlX9AAI,77,77,EX77,23-04-2024-12-52
Success,,01t1e000002rlXAAAY,78,78,EX78,23-04-2024-12-52
Success,,01t1e000002rlXBAAY,79,79,EX79,23-04-2024-12-52
Success,,01t1e000002rlW2AAI,8,8,EX8,23-04-2024-12-52
Success,,01t1e000002rlXCAAY,80,80,EX80,23-04-2024-12-52
Success,,01t1e000002rlXDAAY,81,81,EX81,23-04-2024-12-52
Success,,01t1e000002rlXEAAY,82,82,EX82,23-04-2024-12-52
Success,,01t1e000002rlXFAAY,83,83,EX83,23-04-2024-12-52
Success,,01t1e000002rlXGAAY,84,84,EX84,23-04-2024-12-52
Success,,01t1e000002rlXHAAY,85,85,EX85,23-04-2024-12-52
Success,,01t1e000002rlXIAAY,86,86,EX86,23-04-2024-12-52
Success,,01t1e000002rlXJAAY,87,87,EX87,23-04-2024-12-52
Success,,01t1e000002rlXKAAY,88,88,EX88,23-04-2024-12-52
Success,,01t1e000002rlXLAAY,89,89,EX89,23-04-2024-12-52
Success,,01t1e000002rlW3AAI,9,9,EX9,23-04-2024-12-52
Success,,01t1e000002rlXMAAY,90,90,EX90,23-04-2024-12-52
Success,,01t1e000002rlXNAAY,91,91,EX91,23-04-2024-12-52
Success,,01t1e000002rlXOAAY,92,92,EX92,23-04-2024-12-52
Success,,01t1e000002rlXPAAY,93,93,EX93,23-04-2024-12-52
Success,,01t1e000002rlXQAAY,94,94,EX94,23-04-2024-12-52
Success,,01t1e000002rlXRAAY,95,95,EX95,23-04-2024-12-52
Success,,01t1e000002rlXSAAY,96,96,EX96,23-04-2024-12-52
Success,,01t1e000002rlXTAAY,97,97,EX97,23-04-2024-12-52
Success,,01t1e000002rlXUAAY,98,98,EX98,23-04-2024-12-52
Success,,01t1e000002rlXVAAY,99,99,EX99,23-04-2024-12-52
Success,,01t1e000002rlm2AAA,1000,1000,EX1000,23-04-2024-12-52
Success,,01t1e000002rldzAAA,501,501,EX501,23-04-2024-12-52
Success,,01t1e000002rle0AAA,502,502,EX502,23-04-2024-12-52
Success,,01t1e000002rle1AAA,503,503,EX503,23-04-2024-12-52
Success,,01t1e000002rle2AAA,504,504,EX504,23-04-2024-12-52
Success,,01t1e000002rle3AAA,505,505,EX505,23-04-2024-12-52
Success,,01t1e000002rle4AAA,506,506,EX506,23-04-2024-12-52
Success,,01t1e000002rle5AAA,507,507,EX507,23-04-2024-12-52
Success,,01t1e000002rle6AAA,508,508,EX508,23-04-2024-12-52
Success,,01t1e000002rle7AAA,509,509,EX509,23-04-2024-12-52
Success,,01t1e000002rle8AAA,510,510,EX510,23-04-2024-12-52
Success,,01t1e000002rle9AAA,511,511,EX511,23-04-2024-12-52
Success,,01t1e000002rleAAAQ,512,512,EX512,23-04-2024-12-52
Success,,01t1e000002rleBAAQ,513,513,EX513,23-04-2024-12-52
Success,,01t1e000002rleCAAQ,514,514,EX514,23-04-2024-12-52
Success,,01t1e000002rleDAAQ,515,515,EX515,23-04-2024-12-52
Success,,01t1e000002rleEAAQ,516,516,EX516,23-04-2024-12-52
Success,,01t1e000002rleFAAQ,517,517,EX517,23-04-2024-12-52
Success,,01t1e000002rleGAAQ,518,518,EX518,23-04-2024-12-52
Success,,01t1e000002rleHAAQ,519,519,EX519,23-04-2024-12-52
Success,,01t1e000002rleIAAQ,520,520,EX520,23-04-2024-12-52
Success,,01t1e000002rleJAAQ,521,521,EX521,23-04-2024-12-52
Success,,01t1e000002rleKAAQ,522,522,EX522,23-04-2024-12-52
Success,,01t1e000002rleLAAQ,523,523,EX523,23-04-2024-12-52
Success,,01t1e000002rleMAAQ,524,524,EX524,23-04-2024-12-52
Success,,01t1e000002rleNAAQ,525,525,EX525,23-04-2024-12-52
Success,,01t1e000002rleOAAQ,526,526,EX526,23-04-2024-12-52
Success,,01t1e000002rlePAAQ,527,527,EX527,23-04-2024-12-52
Success,,01t1e000002rleQAAQ,528,528,EX528,23-04-2024-12-52
Success,,01t1e000002rleRAAQ,529,529,EX529,23-04-2024-12-52
Success,,01t1e000002rleSAAQ,530,530,EX530,23-04-2024-12-52
Success,,01t1e000002rleTAAQ,531,531,EX531,23-04-2024-12-52
Success,,01t1e000002rleUAAQ,532,532,EX532,23-04-2024-12-52
Success,,01t1e000002rleVAAQ,533,533,EX533,23-04-2024-12-52
Success,,01t1e000002rleWAAQ,534,534,EX534,23-04-2024-12-52
Success,,01t1e000002rleXAAQ,535,535,EX535,23-04-2024-12-52
Success,,01t1e000002rleYAAQ,536,536,EX536,23-04-2024-12-52
Success,,01t1e000002rleZAAQ,537,537,EX537,23-04-2024-12-52
Success,,01t1e000002rleaAAA,538,538,EX538,23-04-2024-12-52
Success,,01t1e000002rlebAAA,539,539,EX539,23-04-2024-12-52
Success,,01t1e000002rlecAAA,540,540,EX540,23-04-2024-12-52
Success,,01t1e000002rledAAA,541,541,EX541,23-04-2024-12-52
Success,,01t1e000002rleeAAA,542,542,EX542,23-04-2024-12-52
Success,,01t1e000002rlefAAA,543,543,EX543,23-04-2024-12-52
Success,,01t1e000002rlegAAA,544,544,EX544,23-04-2024-12-52
Success,,01t1e000002rlehAAA,545,545,EX545,23-04-2024-12-52
Success,,01t1e000002rleiAAA,546,546,EX546,23-04-2024-12-52
Success,,01t1e000002rlejAAA,547,547,EX547,23-04-2024-12-52
Success,,01t1e000002rlekAAA,548,548,EX548,23-04-2024-12-52
Success,,01t1e000002rlelAAA,549,549,EX549,23-04-2024-12-52
Success,,01t1e000002rlemAAA,550,550,EX550,23-04-2024-12-52
Success,,01t1e000002rlenAAA,551,551,EX551,23-04-2024-12-52
Success,,01t1e000002rleoAAA,552,552,EX552,23-04-2024-12-52
Success,,01t1e000002rlepAAA,553,553,EX553,23-04-2024-12-52
Success,,01t1e000002rleqAAA,554,554,EX554,23-04-2024-12-52
Success,,01t1e000002rlerAAA,555,555,EX555,23-04-2024-12-52
Success,,01t1e000002rlesAAA,556,556,EX556,23-04-2024-12-52
Success,,01t1e000002rletAAA,557,557,EX557,23-04-2024-12-52
Success,,01t1e000002rleuAAA,558,558,EX558,23-04-2024-12-52
Success,,01t1e000002rlevAAA,559,559,EX559,23-04-2024-12-52
Success,,01t1e000002rlewAAA,560,560,EX560,23-04-2024-12-52
Success,,01t1e000002rlexAAA,561,561,EX561,23-04-2024-12-52
Success,,01t1e000002rleyAAA,562,562,EX562,23-04-2024-12-52
Success,,01t1e000002rlezAAA,563,563,EX563,23-04-2024-12-52
Success,,01t1e000002rlf0AAA,564,564,EX564,23-04-2024-12-52
Success,,01t1e000002rlf1AAA,565,565,EX565,23-04-2024-12-52
Success,,01t1e000002rlf2AAA,566,566,EX566,23-04-2024-12-52
Success,,01t1e000002rlf3AAA,567,567,EX567,23-04-2024-12-52
Success,,01t1e000002rlf4AAA,568,568,EX568,23-04-2024-12-52
Success,,01t1e000002rlf5AAA,569,569,EX569,23-04-2024-12-52
Success,,01t1e000002rlf6AAA,570,570,EX570,23-04-2024-12-52
Success,,01t1e000002rlf7AAA,571,571,EX571,23-04-2024-12-52
Success,,01t1e000002rlf8AAA,572,572,EX572,23-04-2024-12-52
Success,,01t1e000002rlf9AAA,573,573,EX573,23-04-2024-12-52
Success,,01t1e000002rlfAAAQ,574,574,EX574,23-04-2024-12-52
Success,,01t1e000002rlfBAAQ,575,575,EX575,23-04-2024-12-52
Success,,01t1e000002rlfCAAQ,576,576,EX576,23-04-2024-12-52
Success,,01t1e000002rlfDAAQ,577,577,EX577,23-04-2024-12-52
Success,,01t1e000002rlfEAAQ,578,578,EX578,23-04-2024-12-52
Success,,01t1e000002rlfFAAQ,579,579,EX579,23-04-2024-12-52
Success,,01t1e000002rlfGAAQ,580,580,EX580,23-04-2024-12-52
Success,,01t1e000002rlfHAAQ,581,581,EX581,23-04-2024-12-52
Success,,01t1e000002rlfIAAQ,582,582,EX582,23-04-2024-12-52
Success,,01t1e000002rlfJAAQ,583,583,EX583,23-04-2024-12-52
Success,,01t1e000002rlfKAAQ,584,584,EX584,23-04-2024-12-52
Success,,01t1e000002rlfLAAQ,585,585,EX585,23-04-2024-12-52
Success,,01t1e000002rlfMAAQ,586,586,EX586,23-04-2024-12-52
Success,,01t1e000002rlfNAAQ,587,587,EX587,23-04-2024-12-52
Success,,01t1e000002rlfOAAQ,588,588,EX588,23-04-2024-12-52
Success,,01t1e000002rlfPAAQ,589,589,EX589,23-04-2024-12-52
Success,,01t1e000002rlfQAAQ,590,590,EX590,23-04-2024-12-52
Success,,01t1e000002rlfRAAQ,591,591,EX591,23-04-2024-12-52
Success,,01t1e000002rlfSAAQ,592,592,EX592,23-04-2024-12-52
Success,,01t1e000002rlfTAAQ,593,593,EX593,23-04-2024-12-52
Success,,01t1e000002rlfUAAQ,594,594,EX594,23-04-2024-12-52
Success,,01t1e000002rlfVAAQ,595,595,EX595,23-04-2024-12-52
Success,,01t1e000002rlfWAAQ,596,596,EX596,23-04-2024-12-52
Success,,01t1e000002rlfXAAQ,597,597,EX597,23-04-2024-12-52
Success,,01t1e000002rlfYAAQ,598,598,EX598,23-04-2024-12-52
Success,,01t1e000002rlfZAAQ,599,599,EX599,23-04-2024-12-52
Success,,01t1e000002rlfaAAA,600,600,EX600,23-04-2024-12-52
Success,,01t1e000002rlfbAAA,601,601,EX601,23-04-2024-12-52
Success,,01t1e000002rlfcAAA,602,602,EX602,23-04-2024-12-52
Success,,01t1e000002rlfdAAA,603,603,EX603,23-04-2024-12-52
Success,,01t1e000002rlfeAAA,604,604,EX604,23-04-2024-12-52
Success,,01t1e000002rlffAAA,605,605,EX605,23-04-2024-12-52
Success,,01t1e000002rlfgAAA,606,606,EX606,23-04-2024-12-52
Success,,01t1e000002rlfhAAA,607,607,EX607,23-04-2024-12-52
Success,,01t1e000002rlfiAAA,608,608,EX608,23-04-2024-12-52
Success,,01t1e000002rlfjAAA,609,609,EX609,23-04-2024-12-52
Success,,01t1e000002rlfkAAA,610,610,EX610,23-04-2024-12-52
Success,,01t1e000002rlflAAA,611,611,EX611,23-04-2024-12-52
Success,,01t1e000002rlfmAAA,612,612,EX612,23-04-2024-12-52
Success,,01t1e000002rlfnAAA,613,613,EX613,23-04-2024-12-52
Success,,01t1e000002rlfoAAA,614,614,EX614,23-04-2024-12-52
Success,,01t1e000002rlfpAAA,615,615,EX615,23-04-2024-12-52
Success,,01t1e000002rlfqAAA,616,616,EX616,23-04-2024-12-52
Success,,01t1e000002rlfrAAA,617,617,EX617,23-04-2024-12-52
Success,,01t1e000002rlfsAAA,618,618,EX618,23-04-2024-12-52
Success,,01t1e000002rlftAAA,619,619,EX619,23-04-2024-12-52
Success,,01t1e000002rlfuAAA,620,620,EX620,23-04-2024-12-52
Success,,01t1e000002rlfvAAA,621,621,EX621,23-04-2024-12-52
Success,,01t1e000002rlfwAAA,622,622,EX622,23-04-2024-12-52
Success,,01t1e000002rlfxAAA,623,623,EX623,23-04-2024-12-52
Success,,01t1e000002rlfyAAA,624,624,EX624,23-04-2024-12-52
Success,,01t1e000002rlfzAAA,625,625,EX625,23-04-2024-12-52
Success,,01t1e000002rlg0AAA,626,626,EX626,23-04-2024-12-52
Success,,01t1e000002rlg1AAA,627,627,EX627,23-04-2024-12-52
Success,,01t1e000002rlg2AAA,628,628,EX628,23-04-2024-12-52
Success,,01t1e000002rlg3AAA,629,629,EX629,23-04-2024-12-52
Success,,01t1e000002rlg4AAA,630,630,EX630,23-04-2024-12-52
Success,,01t1e000002rlg5AAA,631,631,EX631,23-04-2024-12-52
Success,,01t1e000002rlg6AAA,632,632,EX632,23-04-2024-12-52
Success,,01t1e000002rlg7AAA,633,633,EX633,23-04-2024-12-52
Success,,01t1e000002rlg8AAA,634,634,EX634,23-04-2024-12-52
Success,,01t1e000002rlg9AAA,635,635,EX635,23-04-2024-12-52
Success,,01t1e000002rlgAAAQ,636,636,EX636,23-04-2024-12-52
Success,,01t1e000002rlgBAAQ,637,637,EX637,23-04-2024-12-52
Success,,01t1e000002rlgCAAQ,638,638,EX638,23-04-2024-12-52
Success,,01t1e000002rlgDAAQ,639,639,EX639,23-04-2024-12-52
Success,,01t1e000002rlgEAAQ,640,640,EX640,23-04-2024-12-52
Success,,01t1e000002rlgFAAQ,641,641,EX641,23-04-2024-12-52
Success,,01t1e000002rlgGAAQ,642,642,EX642,23-04-2024-12-52
Success,,01t1e000002rlgHAAQ,643,643,EX643,23-04-2024-12-52
Success,,01t1e000002rlgIAAQ,644,644,EX644,23-04-2024-12-52
Success,,01t1e000002rlgJAAQ,645,645,EX645,23-04-2024-12-52
Success,,01t1e000002rlgKAAQ,646,646,EX646,23-04-2024-12-52
Success,,01t1e000002rlgLAAQ,647,647,EX647,23-04-2024-12-52
Success,,01t1e000002rlgMAAQ,648,648,EX648,23-04-2024-12-52
Success,,01t1e000002rlgNAAQ,649,649,EX649,23-04-2024-12-52
Success,,01t1e000002rlgOAAQ,650,650,EX650,23-04-2024-12-52
Success,,01t1e000002rlgPAAQ,651,651,EX651,23-04-2024-12-52
Success,,01t1e000002rlgQAAQ,652,652,EX652,23-04-2024-12-52
Success,,01t1e000002rlgRAAQ,653,653,EX653,23-04-2024-12-52
Success,,01t1e000002rlgSAAQ,654,654,EX654,23-04-2024-12-52
Success,,01t1e000002rlgTAAQ,655,655,EX655,23-04-2024-12-52
Success,,01t1e000002rlgUAAQ,656,656,EX656,23-04-2024-12-52
Success,,01t1e000002rlgVAAQ,657,657,EX657,23-04-2024-12-52
Success,,01t1e000002rlgWAAQ,658,658,EX658,23-04-2024-12-52
Success,,01t1e000002rlgXAAQ,659,659,EX659,23-04-2024-12-52
Success,,01t1e000002rlgYAAQ,660,660,EX660,23-04-2024-12-52
Success,,01t1e000002rlgZAAQ,661,661,EX661,23-04-2024-12-52
Success,,01t1e000002rlgaAAA,662,662,EX662,23-04-2024-12-52
Success,,01t1e000002rlgbAAA,663,663,EX663,23-04-2024-12-52
Success,,01t1e000002rlgcAAA,664,664,EX664,23-04-2024-12-52
Success,,01t1e000002rlgdAAA,665,665,EX665,23-04-2024-12-52
Success,,01t1e000002rlgeAAA,666,666,EX666,23-04-2024-12-52
Success,,01t1e000002rlgfAAA,667,667,EX667,23-04-2024-12-52
Success,,01t1e000002rlggAAA,668,668,EX668,23-04-2024-12-52
Success,,01t1e000002rlghAAA,669,669,EX669,23-04-2024-12-52
Success,,01t1e000002rlgiAAA,670,670,EX670,23-04-2024-12-52
Success,,01t1e000002rlgjAAA,671,671,EX671,23-04-2024-12-52
Success,,01t1e000002rlgkAAA,672,672,EX672,23-04-2024-12-52
Success,,01t1e000002rlglAAA,673,673,EX673,23-04-2024-12-52
Success,,01t1e000002rlgmAAA,674,674,EX674,23-04-2024-12-52
Success,,01t1e000002rlgnAAA,675,675,EX675,23-04-2024-12-52
Success,,01t1e000002rlgoAAA,676,676,EX676,23-04-2024-12-52
Success,,01t1e000002rlgpAAA,677,677,EX677,23-04-2024-12-52
Success,,01t1e000002rlgqAAA,678,678,EX678,23-04-2024-12-52
Success,,01t1e000002rlgrAAA,679,679,EX679,23-04-2024-12-52
Success,,01t1e000002rlgsAAA,680,680,EX680,23-04-2024-12-52
Success,,01t1e000002rlgtAAA,681,681,EX681,23-04-2024-12-52
Success,,01t1e000002rlguAAA,682,682,EX682,23-04-2024-12-52
Success,,01t1e000002rlgvAAA,683,683,EX683,23-04-2024-12-52
Success,,01t1e000002rlgwAAA,684,684,EX684,23-04-2024-12-52
Success,,01t1e000002rlgxAAA,685,685,EX685,23-04-2024-12-52
Success,,01t1e000002rlgyAAA,686,686,EX686,23-04-2024-12-52
Success,,01t1e000002rlgzAAA,687,687,EX687,23-04-2024-12-52
Success,,01t1e000002rlh0AAA,688,688,EX688,23-04-2024-12-52
Success,,01t1e000002rlh1AAA,689,689,EX689,23-04-2024-12-52
Success,,01t1e000002rlh2AAA,690,690,EX690,23-04-2024-12-52
Success,,01t1e000002rlh3AAA,691,691,EX691,23-04-2024-12-52
Success,,01t1e000002rlh4AAA,692,692,EX692,23-04-2024-12-52
Success,,01t1e000002rlh5AAA,693,693,EX693,23-04-2024-12-52
Success,,01t1e000002rlh6AAA,694,694,EX694,23-04-2024-12-52
Success,,01t1e000002rlh7AAA,695,695,EX695,23-04-2024-12-52
Success,,01t1e000002rlh8AAA,696,696,EX696,23-04-2024-12-52
Success,,01t1e000002rlh9AAA,697,697,EX697,23-04-2024-12-52
Success,,01t1e000002rlhAAAQ,698,698,EX698,23-04-2024-12-52
Success,,01t1e000002rlhBAAQ,699,699,EX699,23-04-2024-12-52
Success,,01t1e000002rlhCAAQ,700,700,EX700,23-04-2024-12-52
Success,,01t1e000002rlhDAAQ,701,701,EX701,23-04-2024-12-52
Success,,01t1e000002rlhEAAQ,702,702,EX702,23-04-2024-12-52
Success,,01t1e000002rlhFAAQ,703,703,EX703,23-04-2024-12-52
Success,,01t1e000002rlhGAAQ,704,704,EX704,23-04-2024-12-52
Success,,01t1e000002rlhHAAQ,705,705,EX705,23-04-2024-12-52
Success,,01t1e000002rlhIAAQ,706,706,EX706,23-04-2024-12-52
Success,,01t1e000002rlhJAAQ,707,707,EX707,23-04-2024-12-52
Success,,01t1e000002rlhKAAQ,708,708,EX708,23-04-2024-12-52
Success,,01t1e000002rlhLAAQ,709,709,EX709,23-04-2024-12-52
Success,,01t1e000002rlhMAAQ,710,710,EX710,23-04-2024-12-52
Success,,01t1e000002rlhNAAQ,711,711,EX711,23-04-2024-12-52
Success,,01t1e000002rlhOAAQ,712,712,EX712,23-04-2024-12-52
Success,,01t1e000002rlhPAAQ,713,713,EX713,23-04-2024-12-52
Success,,01t1e000002rlhQAAQ,714,714,EX714,23-04-2024-12-52
Success,,01t1e000002rlhRAAQ,715,715,EX715,23-04-2024-12-52
Success,,01t1e000002rlhSAAQ,716,716,EX716,23-04-2024-12-52
Success,,01t1e000002rlhTAAQ,717,717,EX717,23-04-2024-12-52
Success,,01t1e000002rlhUAAQ,718,718,EX718,23-04-2024-12-52
Success,,01t1e000002rlhVAAQ,719,719,EX719,23-04-2024-12-52
Success,,01t1e000002rlhWAAQ,720,720,EX720,23-04-2024-12-52
Success,,01t1e000002rlhXAAQ,721,721,EX721,23-04-2024-12-52
Success,,01t1e000002rlhYAAQ,722,722,EX722,23-04-2024-12-52
Success,,01t1e000002rlhZAAQ,723,723,EX723,23-04-2024-12-52
Success,,01t1e000002rlhaAAA,724,724,EX724,23-04-2024-12-52
Success,,01t1e000002rlhbAAA,725,725,EX725,23-04-2024-12-52
Success,,01t1e000002rlhcAAA,726,726,EX726,23-04-2024-12-52
Success,,01t1e000002rlhdAAA,727,727,EX727,23-04-2024-12-52
Success,,01t1e000002rlheAAA,728,728,EX728,23-04-2024-12-52
Success,,01t1e000002rlhfAAA,729,729,EX729,23-04-2024-12-52
Success,,01t1e000002rlhgAAA,730,730,EX730,23-04-2024-12-52
Success,,01t1e000002rlhhAAA,731,731,EX731,23-04-2024-12-52
Success,,01t1e000002rlhiAAA,732,732,EX732,23-04-2024-12-52
Success,,01t1e000002rlhjAAA,733,733,EX733,23-04-2024-12-52
Success,,01t1e000002rlhkAAA,734,734,EX734,23-04-2024-12-52
Success,,01t1e000002rlhlAAA,735,735,EX735,23-04-2024-12-52
Success,,01t1e000002rlhmAAA,736,736,EX736,23-04-2024-12-52
Success,,01t1e000002rlhnAAA,737,737,EX737,23-04-2024-12-52
Success,,01t1e000002rlhoAAA,738,738,EX738,23-04-2024-12-52
Success,,01t1e000002rlhpAAA,739,739,EX739,23-04-2024-12-52
Success,,01t1e000002rlhqAAA,740,740,EX740,23-04-2024-12-52
Success,,01t1e000002rlhrAAA,741,741,EX741,23-04-2024-12-52
Success,,01t1e000002rlhsAAA,742,742,EX742,23-04-2024-12-52
Success,,01t1e000002rlhtAAA,743,743,EX743,23-04-2024-12-52
Success,,01t1e000002rlhuAAA,744,744,EX744,23-04-2024-12-52
Success,,01t1e000002rlhvAAA,745,745,EX745,23-04-2024-12-52
Success,,01t1e000002rlhwAAA,746,746,EX746,23-04-2024-12-52
Success,,01t1e000002rlhxAAA,747,747,EX747,23-04-2024-12-52
Success,,01t1e000002rlhyAAA,748,748,EX748,23-04-2024-12-52
Success,,01t1e000002rlhzAAA,749,749,EX749,23-04-2024-12-52
Success,,01t1e000002rli0AAA,750,750,EX750,23-04-2024-12-52
Success,,01t1e000002rli1AAA,751,751,EX751,23-04-2024-12-52
Success,,01t1e000002rli2AAA,752,752,EX752,23-04-2024-12-52
Success,,01t1e000002rli3AAA,753,753,EX753,23-04-2024-12-52
Success,,01t1e000002rli4AAA,754,754,EX754,23-04-2024-12-52
Success,,01t1e000002rli5AAA,755,755,EX755,23-04-2024-12-52
Success,,01t1e000002rli6AAA,756,756,EX756,23-04-2024-12-52
Success,,01t1e000002rli7AAA,757,757,EX757,23-04-2024-12-52
Success,,01t1e000002rli8AAA,758,758,EX758,23-04-2024-12-52
Success,,01t1e000002rli9AAA,759,759,EX759,23-04-2024-12-52
Success,,01t1e000002rliAAAQ,760,760,EX760,23-04-2024-12-52
Success,,01t1e000002rliBAAQ,761,761,EX761,23-04-2024-12-52
Success,,01t1e000002rliCAAQ,762,762,EX762,23-04-2024-12-52
Success,,01t1e000002rliDAAQ,763,763,EX763,23-04-2024-12-52
Success,,01t1e000002rliEAAQ,764,764,EX764,23-04-2024-12-52
Success,,01t1e000002rliFAAQ,765,765,EX765,23-04-2024-12-52
Success,,01t1e000002rliGAAQ,766,766,EX766,23-04-2024-12-52
Success,,01t1e000002rliHAAQ,767,767,EX767,23-04-2024-12-52
Success,,01t1e000002rliIAAQ,768,768,EX768,23-04-2024-12-52
Success,,01t1e000002rliJAAQ,769,769,EX769,23-04-2024-12-52
Success,,01t1e000002rliKAAQ,770,770,EX770,23-04-2024-12-52
Success,,01t1e000002rliLAAQ,771,771,EX771,23-04-2024-12-52
Success,,01t1e000002rliMAAQ,772,772,EX772,23-04-2024-12-52
Success,,01t1e000002rliNAAQ,773,773,EX773,23-04-2024-12-52
Success,,01t1e000002rliOAAQ,774,774,EX774,23-04-2024-12-52
Success,,01t1e000002rliPAAQ,775,775,EX775,23-04-2024-12-52
Success,,01t1e000002rliQAAQ,776,776,EX776,23-04-2024-12-52
Success,,01t1e000002rliRAAQ,777,777,EX777,23-04-2024-12-52
Success,,01t1e000002rliSAAQ,778,778,EX778,23-04-2024-12-52
Success,,01t1e000002rliTAAQ,779,779,EX779,23-04-2024-12-52
Success,,01t1e000002rliUAAQ,780,780,EX780,23-04-2024-12-52
Success,,01t1e000002rliVAAQ,781,781,EX781,23-04-2024-12-52
Success,,01t1e000002rliWAAQ,782,782,EX782,23-04-2024-12-52
Success,,01t1e000002rliXAAQ,783,783,EX783,23-04-2024-12-52
Success,,01t1e000002rliYAAQ,784,784,EX784,23-04-2024-12-52
Success,,01t1e000002rliZAAQ,785,785,EX785,23-04-2024-12-52
Success,,01t1e000002rliaAAA,786,786,EX786,23-04-2024-12-52
Success,,01t1e000002rlibAAA,787,787,EX787,23-04-2024-12-52
Success,,01t1e000002rlicAAA,788,788,EX788,23-04-2024-12-52
Success,,01t1e000002rlidAAA,789,789,EX789,23-04-2024-12-52
Success,,01t1e000002rlieAAA,790,790,EX790,23-04-2024-12-52
Success,,01t1e000002rlifAAA,791,791,EX791,23-04-2024-12-52
Success,,01t1e000002rligAAA,792,792,EX792,23-04-2024-12-52
Success,,01t1e000002rlihAAA,793,793,EX793,23-04-2024-12-52
Success,,01t1e000002rliiAAA,794,794,EX794,23-04-2024-12-52
Success,,01t1e000002rlijAAA,795,795,EX795,23-04-2024-12-52
Success,,01t1e000002rlikAAA,796,796,EX796,23-04-2024-12-52
Success,,01t1e000002rlilAAA,797,797,EX797,23-04-2024-12-52
Success,,01t1e000002rlimAAA,798,798,EX798,23-04-2024-12-52
Success,,01t1e000002rlinAAA,799,799,EX799,23-04-2024-12-52
Success,,01t1e000002rlioAAA,800,800,EX800,23-04-2024-12-52
Success,,01t1e000002rlipAAA,801,801,EX801,23-04-2024-12-52
Success,,01t1e000002rliqAAA,802,802,EX802,23-04-2024-12-52
Success,,01t1e000002rlirAAA,803,803,EX803,23-04-2024-12-52
Success,,01t1e000002rlisAAA,804,804,EX804,23-04-2024-12-52
Success,,01t1e000002rlitAAA,805,805,EX805,23-04-2024-12-52
Success,,01t1e000002rliuAAA,806,806,EX806,23-04-2024-12-52
Success,,01t1e000002rlivAAA,807,807,EX807,23-04-2024-12-52
Success,,01t1e000002rliwAAA,808,808,EX808,23-04-2024-12-52
Success,,01t1e000002rlixAAA,809,809,EX809,23-04-2024-12-52
Success,,01t1e000002rliyAAA,810,810,EX810,23-04-2024-12-52
Success,,01t1e000002rlizAAA,811,811,EX811,23-04-2024-12-52
Success,,01t1e000002rlj0AAA,812,812,EX812,23-04-2024-12-52
Success,,01t1e000002rlj1AAA,813,813,EX813,23-04-2024-12-52
Success,,01t1e000002rlj2AAA,814,814,EX814,23-04-2024-12-52
Success,,01t1e000002rlj3AAA,815,815,EX815,23-04-2024-12-52
Success,,01t1e000002rlj4AAA,816,816,EX816,23-04-2024-12-52
Success,,01t1e000002rlj5AAA,817,817,EX817,23-04-2024-12-52
Success,,01t1e000002rlj6AAA,818,818,EX818,23-04-2024-12-52
Success,,01t1e000002rlj7AAA,819,819,EX819,23-04-2024-12-52
Success,,01t1e000002rlj8AAA,820,820,EX820,23-04-2024-12-52
Success,,01t1e000002rlj9AAA,821,821,EX821,23-04-2024-12-52
Success,,01t1e000002rljAAAQ,822,822,EX822,23-04-2024-12-52
Success,,01t1e000002rljBAAQ,823,823,EX823,23-04-2024-12-52
Success,,01t1e000002rljCAAQ,824,824,EX824,23-04-2024-12-52
Success,,01t1e000002rljDAAQ,825,825,EX825,23-04-2024-12-52
Success,,01t1e000002rljEAAQ,826,826,EX826,23-04-2024-12-52
Success,,01t1e000002rljFAAQ,827,827,EX827,23-04-2024-12-52
Success,,01t1e000002rljGAAQ,828,828,EX828,23-04-2024-12-52
Success,,01t1e000002rljHAAQ,829,829,EX829,23-04-2024-12-52
Success,,01t1e000002rljIAAQ,830,830,EX830,23-04-2024-12-52
Success,,01t1e000002rljJAAQ,831,831,EX831,23-04-2024-12-52
Success,,01t1e000002rljKAAQ,832,832,EX832,23-04-2024-12-52
Success,,01t1e000002rljLAAQ,833,833,EX833,23-04-2024-12-52
Success,,01t1e000002rljMAAQ,834,834,EX834,23-04-2024-12-52
Success,,01t1e000002rljNAAQ,835,835,EX835,23-04-2024-12-52
Success,,01t1e000002rljOAAQ,836,836,EX836,23-04-2024-12-52
Success,,01t1e000002rljPAAQ,837,837,EX837,23-04-2024-12-52
Success,,01t1e000002rljQAAQ,838,838,EX838,23-04-2024-12-52
Success,,01t1e000002rljRAAQ,839,839,EX839,23-04-2024-12-52
Success,,01t1e000002rljSAAQ,840,840,EX840,23-04-2024-12-52
Success,,01t1e000002rljTAAQ,841,841,EX841,23-04-2024-12-52
Success,,01t1e000002rljUAAQ,842,842,EX842,23-04-2024-12-52
Success,,01t1e000002rljVAAQ,843,843,EX843,23-04-2024-12-52
Success,,01t1e000002rljWAAQ,844,844,EX844,23-04-2024-12-52
Success,,01t1e000002rljXAAQ,845,845,EX845,23-04-2024-12-52
Success,,01t1e000002rljYAAQ,846,846,EX846,23-04-2024-12-52
Success,,01t1e000002rljZAAQ,847,847,EX847,23-04-2024-12-52
Success,,01t1e000002rljaAAA,848,848,EX848,23-04-2024-12-52
Success,,01t1e000002rljbAAA,849,849,EX849,23-04-2024-12-52
Success,,01t1e000002rljcAAA,850,850,EX850,23-04-2024-12-52
Success,,01t1e000002rljdAAA,851,851,EX851,23-04-2024-12-52
Success,,01t1e000002rljeAAA,852,852,EX852,23-04-2024-12-52
Success,,01t1e000002rljfAAA,853,853,EX853,23-04-2024-12-52
Success,,01t1e000002rljgAAA,854,854,EX854,23-04-2024-12-52
Success,,01t1e000002rljhAAA,855,855,EX855,23-04-2024-12-52
Success,,01t1e000002rljiAAA,856,856,EX856,23-04-2024-12-52
Success,,01t1e000002rljjAAA,857,857,EX857,23-04-2024-12-52
Success,,01t1e000002rljkAAA,858,858,EX858,23-04-2024-12-52
Success,,01t1e000002rljlAAA,859,859,EX859,23-04-2024-12-52
Success,,01t1e000002rljmAAA,860,860,EX860,23-04-2024-12-52
Success,,01t1e000002rljnAAA,861,861,EX861,23-04-2024-12-52
Success,,01t1e000002rljoAAA,862,862,EX862,23-04-2024-12-52
Success,,01t1e000002rljpAAA,863,863,EX863,23-04-2024-12-52
Success,,01t1e000002rljqAAA,864,864,EX864,23-04-2024-12-52
Success,,01t1e000002rljrAAA,865,865,EX865,23-04-2024-12-52
Success,,01t1e000002rljsAAA,866,866,EX866,23-04-2024-12-52
Success,,01t1e000002rljtAAA,867,867,EX867,23-04-2024-12-52
Success,,01t1e000002rljuAAA,868,868,EX868,23-04-2024-12-52
Success,,01t1e000002rljvAAA,869,869,EX869,23-04-2024-12-52
Success,,01t1e000002rljwAAA,870,870,EX870,23-04-2024-12-52
Success,,01t1e000002rljxAAA,871,871,EX871,23-04-2024-12-52
Success,,01t1e000002rljyAAA,872,872,EX872,23-04-2024-12-52
Success,,01t1e000002rljzAAA,873,873,EX873,23-04-2024-12-52
Success,,01t1e000002rlk0AAA,874,874,EX874,23-04-2024-12-52
Success,,01t1e000002rlk1AAA,875,875,EX875,23-04-2024-12-52
Success,,01t1e000002rlk2AAA,876,876,EX876,23-04-2024-12-52
Success,,01t1e000002rlk3AAA,877,877,EX877,23-04-2024-12-52
Success,,01t1e000002rlk4AAA,878,878,EX878,23-04-2024-12-52
Success,,01t1e000002rlk5AAA,879,879,EX879,23-04-2024-12-52
Success,,01t1e000002rlk6AAA,880,880,EX880,23-04-2024-12-52
Success,,01t1e000002rlk7AAA,881,881,EX881,23-04-2024-12-52
Success,,01t1e000002rlk8AAA,882,882,EX882,23-04-2024-12-52
Success,,01t1e000002rlk9AAA,883,883,EX883,23-04-2024-12-52
Success,,01t1e000002rlkAAAQ,884,884,EX884,23-04-2024-12-52
Success,,01t1e000002rlkBAAQ,885,885,EX885,23-04-2024-12-52
Success,,01t1e000002rlkCAAQ,886,886,EX886,23-04-2024-12-52
Success,,01t1e000002rlkDAAQ,887,887,EX887,23-04-2024-12-52
Success,,01t1e000002rlkEAAQ,888,888,EX888,23-04-2024-12-52
Success,,01t1e000002rlkFAAQ,889,889,EX889,23-04-2024-12-52
Success,,01t1e000002rlkGAAQ,890,890,EX890,23-04-2024-12-52
Success,,01t1e000002rlkHAAQ,891,891,EX891,23-04-2024-12-52
Success,,01t1e000002rlkIAAQ,892,892,EX892,23-04-2024-12-52
Success,,01t1e000002rlkJAAQ,893,893,EX893,23-04-2024-12-52
Success,,01t1e000002rlkKAAQ,894,894,EX894,23-04-2024-12-52
Success,,01t1e000002rlkLAAQ,895,895,EX895,23-04-2024-12-52
Success,,01t1e000002rlkMAAQ,896,896,EX896,23-04-2024-12-52
Success,,01t1e000002rlkNAAQ,897,897,EX897,23-04-2024-12-52
Success,,01t1e000002rlkOAAQ,898,898,EX898,23-04-2024-12-52
Success,,01t1e000002rlkPAAQ,899,899,EX899,23-04-2024-12-52
Success,,01t1e000002rlkQAAQ,900,900,EX900,23-04-2024-12-52
Success,,01t1e000002rlkRAAQ,901,901,EX901,23-04-2024-12-52
Success,,01t1e000002rlkSAAQ,902,902,EX902,23-04-2024-12-52
Success,,01t1e000002rlkTAAQ,903,903,EX903,23-04-2024-12-52
Success,,01t1e000002rlkUAAQ,904,904,EX904,23-04-2024-12-52
Success,,01t1e000002rlkVAAQ,905,905,EX905,23-04-2024-12-52
Success,,01t1e000002rlkWAAQ,906,906,EX906,23-04-2024-12-52
Success,,01t1e000002rlkXAAQ,907,907,EX907,23-04-2024-12-52
Success,,01t1e000002rlkYAAQ,908,908,EX908,23-04-2024-12-52
Success,,01t1e000002rlkZAAQ,909,909,EX909,23-04-2024-12-52
Success,,01t1e000002rlkaAAA,910,910,EX910,23-04-2024-12-52
Success,,01t1e000002rlkbAAA,911,911,EX911,23-04-2024-12-52
Success,,01t1e000002rlkcAAA,912,912,EX912,23-04-2024-12-52
Success,,01t1e000002rlkdAAA,913,913,EX913,23-04-2024-12-52
Success,,01t1e000002rlkeAAA,914,914,EX914,23-04-2024-12-52
Success,,01t1e000002rlkfAAA,915,915,EX915,23-04-2024-12-52
Success,,01t1e000002rlkgAAA,916,916,EX916,23-04-2024-12-52
Success,,01t1e000002rlkhAAA,917,917,EX917,23-04-2024-12-52
Success,,01t1e000002rlkiAAA,918,918,EX918,23-04-2024-12-52
Success,,01t1e000002rlkjAAA,919,919,EX919,23-04-2024-12-52
Success,,01t1e000002rlkkAAA,920,920,EX920,23-04-2024-12-52
Success,,01t1e000002rlklAAA,921,921,EX921,23-04-2024-12-52
Success,,01t1e000002rlkmAAA,922,922,EX922,23-04-2024-12-52
Success,,01t1e000002rlknAAA,923,923,EX923,23-04-2024-12-52
Success,,01t1e000002rlkoAAA,924,924,EX924,23-04-2024-12-52
Success,,01t1e000002rlkpAAA,925,925,EX925,23-04-2024-12-52
Success,,01t1e000002rlkqAAA,926,926,EX926,23-04-2024-12-52
Success,,01t1e000002rlkrAAA,927,927,EX927,23-04-2024-12-52
Success,,01t1e000002rlksAAA,928,928,EX928,23-04-2024-12-52
Success,,01t1e000002rlktAAA,929,929,EX929,23-04-2024-12-52
Success,,01t1e000002rlkuAAA,930,930,EX930,23-04-2024-12-52
Success,,01t1e000002rlkvAAA,931,931,EX931,23-04-2024-12-52
Success,,01t1e000002rlkwAAA,932,932,EX932,23-04-2024-12-52
Success,,01t1e000002rlkxAAA,933,933,EX933,23-04-2024-12-52
Success,,01t1e000002rlkyAAA,934,934,EX934,23-04-2024-12-52
Success,,01t1e000002rlkzAAA,935,935,EX935,23-04-2024-12-52
Success,,01t1e000002rll0AAA,936,936,EX936,23-04-2024-12-52
Success,,01t1e000002rll1AAA,937,937,EX937,23-04-2024-12-52
Success,,01t1e000002rll2AAA,938,938,EX938,23-04-2024-12-52
Success,,01t1e000002rll3AAA,939,939,EX939,23-04-2024-12-52
Success,,01t1e000002rll4AAA,940,940,EX940,23-04-2024-12-52
Success,,01t1e000002rll5AAA,941,941,EX941,23-04-2024-12-52
Success,,01t1e000002rll6AAA,942,942,EX942,23-04-2024-12-52
Success,,01t1e000002rll7AAA,943,943,EX943,23-04-2024-12-52
Success,,01t1e000002rll8AAA,944,944,EX944,23-04-2024-12-52
Success,,01t1e000002rll9AAA,945,945,EX945,23-04-2024-12-52
Success,,01t1e000002rllAAAQ,946,946,EX946,23-04-2024-12-52
Success,,01t1e000002rllBAAQ,947,947,EX947,23-04-2024-12-52
Success,,01t1e000002rllCAAQ,948,948,EX948,23-04-2024-12-52
Success,,01t1e000002rllDAAQ,949,949,EX949,23-04-2024-12-52
Success,,01t1e000002rllEAAQ,950,950,EX950,23-04-2024-12-52
Success,,01t1e000002rllFAAQ,951,951,EX951,23-04-2024-12-52
Success,,01t1e000002rllGAAQ,952,952,EX952,23-04-2024-12-52
Success,,01t1e000002rllHAAQ,953,953,EX953,23-04-2024-12-52
Success,,01t1e000002rllIAAQ,954,954,EX954,23-04-2024-12-52
Success,,01t1e000002rllJAAQ,955,955,EX955,23-04-2024-12-52
Success,,01t1e000002rllKAAQ,956,956,EX956,23-04-2024-12-52
Success,,01t1e000002rllLAAQ,957,957,EX957,23-04-2024-12-52
Success,,01t1e000002rllMAAQ,958,958,EX958,23-04-2024-12-52
Success,,01t1e000002rllNAAQ,959,959,EX959,23-04-2024-12-52
Success,,01t1e000002rllOAAQ,960,960,EX960,23-04-2024-12-52
Success,,01t1e000002rllPAAQ,961,961,EX961,23-04-2024-12-52
Success,,01t1e000002rllQAAQ,962,962,EX962,23-04-2024-12-52
Success,,01t1e000002rllRAAQ,963,963,EX963,23-04-2024-12-52
Success,,01t1e000002rllSAAQ,964,964,EX964,23-04-2024-12-52
Success,,01t1e000002rllTAAQ,965,965,EX965,23-04-2024-12-52
Success,,01t1e000002rllUAAQ,966,966,EX966,23-04-2024-12-52
Success,,01t1e000002rllVAAQ,967,967,EX967,23-04-2024-12-52
Success,,01t1e000002rllWAAQ,968,968,EX968,23-04-2024-12-52
Success,,01t1e000002rllXAAQ,969,969,EX969,23-04-2024-12-52
Success,,01t1e000002rllYAAQ,970,970,EX970,23-04-2024-12-52
Success,,01t1e000002rllZAAQ,971,971,EX971,23-04-2024-12-52
Success,,01t1e000002rllaAAA,972,972,EX972,23-04-2024-12-52
Success,,01t1e000002rllbAAA,973,973,EX973,23-04-2024-12-52
Success,,01t1e000002rllcAAA,974,974,EX974,23-04-2024-12-52
Success,,01t1e000002rlldAAA,975,975,EX975,23-04-2024-12-52
Success,,01t1e000002rlleAAA,976,976,EX976,23-04-2024-12-52
Success,,01t1e000002rllfAAA,977,977,EX977,23-04-2024-12-52
Success,,01t1e000002rllgAAA,978,978,EX978,23-04-2024-12-52
Success,,01t1e000002rllhAAA,979,979,EX979,23-04-2024-12-52
Success,,01t1e000002rlliAAA,980,980,EX980,23-04-2024-12-52
Success,,01t1e000002rlljAAA,981,981,EX981,23-04-2024-12-52
Success,,01t1e000002rllkAAA,982,982,EX982,23-04-2024-12-52
Success,,01t1e000002rlllAAA,983,983,EX983,23-04-2024-12-52
Success,,01t1e000002rllmAAA,984,984,EX984,23-04-2024-12-52
Success,,01t1e000002rllnAAA,985,985,EX985,23-04-2024-12-52
Success,,01t1e000002rlloAAA,986,986,EX986,23-04-2024-12-52
Success,,01t1e000002rllpAAA,987,987,EX987,23-04-2024-12-52
Success,,01t1e000002rllqAAA,988,988,EX988,23-04-2024-12-52
Success,,01t1e000002rllrAAA,989,989,EX989,23-04-2024-12-52
Success,,01t1e000002rllsAAA,990,990,EX990,23-04-2024-12-52
Success,,01t1e000002rlltAAA,991,991,EX991,23-04-2024-12-52
Success,,01t1e000002rlluAAA,992,992,EX992,23-04-2024-12-52
Success,,01t1e000002rllvAAA,993,993,EX993,23-04-2024-12-52
Success,,01t1e000002rllwAAA,994,994,EX994,23-04-2024-12-52
Success,,01t1e000002rllxAAA,995,995,EX995,23-04-2024-12-52
Success,,01t1e000002rllyAAA,996,996,EX996,23-04-2024-12-52
Success,,01t1e000002rllzAAA,997,997,EX997,23-04-2024-12-52
Success,,01t1e000002rlm0AAA,998,998,EX998,23-04-2024-12-52
Success,,01t1e000002rlm1AAA,999,999,EX999,23-04-2024-12-52
Success,,01t1e000002rlm3AAA,1001,1001,EX1001,23-04-2024-12-52
Success,,01t1e000002rlm4AAA,1002,1002,EX1002,23-04-2024-12-52
Success,,01t1e000002rlm5AAA,1003,1003,EX1003,23-04-2024-12-52
Success,,01t1e000002rlm6AAA,1004,1004,EX1004,23-04-2024-12-52
Success,,01t1e000002rlm7AAA,1005,1005,EX1005,23-04-2024-12-52
Success,,01t1e000002rlm8AAA,1006,1006,EX1006,23-04-2024-12-52
Success,,01t1e000002rlm9AAA,1007,1007,EX1007,23-04-2024-12-52
Success,,01t1e000002rlmAAAQ,1008,1008,EX1008,23-04-2024-12-52
Success,,01t1e000002rlmBAAQ,1009,1009,EX1009,23-04-2024-12-52
Success,,01t1e000002rlmCAAQ,1010,1010,EX1010,23-04-2024-12-52
Success,,01t1e000002rlmDAAQ,1011,1011,EX1011,23-04-2024-12-52
Success,,01t1e000002rlmEAAQ,1012,1012,EX1012,23-04-2024-12-52
Success,,01t1e000002rlmFAAQ,1013,1013,EX1013,23-04-2024-12-52
Success,,01t1e000002rlmGAAQ,1014,1014,EX1014,23-04-2024-12-52
Success,,01t1e000002rlmHAAQ,1015,1015,EX1015,23-04-2024-12-52
Success,,01t1e000002rlmIAAQ,1016,1016,EX1016,23-04-2024-12-52
Success,,01t1e000002rlmJAAQ,1017,1017,EX1017,23-04-2024-12-52
Success,,01t1e000002rlmKAAQ,1018,1018,EX1018,23-04-2024-12-52
Success,,01t1e000002rlmLAAQ,1019,1019,EX1019,23-04-2024-12-52
Success,,01t1e000002rlmMAAQ,1020,1020,EX1020,23-04-2024-12-52
Success,,01t1e000002rlmNAAQ,1021,1021,EX1021,23-04-2024-12-52
Success,,01t1e000002rlmOAAQ,1022,1022,EX1022,23-04-2024-12-52
Success,,01t1e000002rlmPAAQ,1023,1023,EX1023,23-04-2024-12-52
Success,,01t1e000002rlmQAAQ,1024,1024,EX1024,23-04-2024-12-52
Success,,01t1e000002rlmRAAQ,1025,1025,EX1025,23-04-2024-12-52
Success,,01t1e000002rlmSAAQ,1026,1026,EX1026,23-04-2024-12-52
Success,,01t1e000002rlmTAAQ,1027,1027,EX1027,23-04-2024-12-52
Success,,01t1e000002rlmUAAQ,1028,1028,EX1028,23-04-2024-12-52
Success,,01t1e000002rlmVAAQ,1029,1029,EX1029,23-04-2024-12-52
Success,,01t1e000002rlmWAAQ,1030,1030,EX1030,23-04-2024-12-52
Success,,01t1e000002rlmXAAQ,1031,1031,EX1031,23-04-2024-12-52
Success,,01t1e000002rlmYAAQ,1032,1032,EX1032,23-04-2024-12-52
Success,,01t1e000002rlmZAAQ,1033,1033,EX1033,23-04-2024-12-52
Success,,01t1e000002rlmaAAA,1034,1034,EX1034,23-04-2024-12-52
Success,,01t1e000002rlmbAAA,1035,1035,EX1035,23-04-2024-12-52
Success,,01t1e000002rlmcAAA,1036,1036,EX1036,23-04-2024-12-52
Success,,01t1e000002rlmdAAA,1037,1037,EX1037,23-04-2024-12-52
Success,,01t1e000002rlmeAAA,1038,1038,EX1038,23-04-2024-12-52
Success,,01t1e000002rlmfAAA,1039,1039,EX1039,23-04-2024-12-52
Success,,01t1e000002rlmgAAA,1040,1040,EX1040,23-04-2024-12-52
Success,,01t1e000002rlmhAAA,1041,1041,EX1041,23-04-2024-12-52
Success,,01t1e000002rlmiAAA,1042,1042,EX1042,23-04-2024-12-52
Success,,01t1e000002rlmjAAA,1043,1043,EX1043,23-04-2024-12-52
Success,,01t1e000002rlmkAAA,1044,1044,EX1044,23-04-2024-12-52
Success,,01t1e000002rlmlAAA,1045,1045,EX1045,23-04-2024-12-52
Success,,01t1e000002rlmmAAA,1046,1046,EX1046,23-04-2024-12-52
Success,,01t1e000002rlmnAAA,1047,1047,EX1047,23-04-2024-12-52
Success,,01t1e000002rlmoAAA,1048,1048,EX1048,23-04-2024-12-52
Success,,01t1e000002rlmpAAA,1049,1049,EX1049,23-04-2024-12-52
Success,,01t1e000002rlmqAAA,1050,1050,EX1050,23-04-2024-12-52
Success,,01t1e000002rlmrAAA,1051,1051,EX1051,23-04-2024-12-52
Success,,01t1e000002rlmsAAA,1052,1052,EX1052,23-04-2024-12-52
Success,,01t1e000002rlmtAAA,1053,1053,EX1053,23-04-2024-12-52
Success,,01t1e000002rlmuAAA,1054,1054,EX1054,23-04-2024-12-52
Success,,01t1e000002rlmvAAA,1055,1055,EX1055,23-04-2024-12-52
Success,,01t1e000002rlmwAAA,1056,1056,EX1056,23-04-2024-12-52
Success,,01t1e000002rlmxAAA,1057,1057,EX1057,23-04-2024-12-52
Success,,01t1e000002rlmyAAA,1058,1058,EX1058,23-04-2024-12-52
Success,,01t1e000002rlmzAAA,1059,1059,EX1059,23-04-2024-12-52
Success,,01t1e000002rln0AAA,1060,1060,EX1060,23-04-2024-12-52
Success,,01t1e000002rln1AAA,1061,1061,EX1061,23-04-2024-12-52
Success,,01t1e000002rln2AAA,1062,1062,EX1062,23-04-2024-12-52
Success,,01t1e000002rln3AAA,1063,1063,EX1063,23-04-2024-12-52
Success,,01t1e000002rln4AAA,1064,1064,EX1064,23-04-2024-12-52
Success,,01t1e000002rln5AAA,1065,1065,EX1065,23-04-2024-12-52
Success,,01t1e000002rln6AAA,1066,1066,EX1066,23-04-2024-12-52
Success,,01t1e000002rln7AAA,1067,1067,EX1067,23-04-2024-12-52
Success,,01t1e000002rln8AAA,1068,1068,EX1068,23-04-2024-12-52
Success,,01t1e000002rln9AAA,1069,1069,EX1069,23-04-2024-12-52
Success,,01t1e000002rlnAAAQ,1070,1070,EX1070,23-04-2024-12-52
Success,,01t1e000002rlnBAAQ,1071,1071,EX1071,23-04-2024-12-52
Success,,01t1e000002rlnCAAQ,1072,1072,EX1072,23-04-2024-12-52
Success,,01t1e000002rlnDAAQ,1073,1073,EX1073,23-04-2024-12-52
Success,,01t1e000002rlnEAAQ,1074,1074,EX1074,23-04-2024-12-52
Success,,01t1e000002rlnFAAQ,1075,1075,EX1075,23-04-2024-12-52
Success,,01t1e000002rlnGAAQ,1076,1076,EX1076,23-04-2024-12-52
Success,,01t1e000002rlnHAAQ,1077,1077,EX1077,23-04-2024-12-52
Success,,01t1e000002rlnIAAQ,1078,1078,EX1078,23-04-2024-12-52
Success,,01t1e000002rlnJAAQ,1079,1079,EX1079,23-04-2024-12-52
Success,,01t1e000002rlnKAAQ,1080,1080,EX1080,23-04-2024-12-52
Success,,01t1e000002rlnLAAQ,1081,1081,EX1081,23-04-2024-12-52
Success,,01t1e000002rlnMAAQ,1082,1082,EX1082,23-04-2024-12-52
Success,,01t1e000002rlnNAAQ,1083,1083,EX1083,23-04-2024-12-52
Success,,01t1e000002rlnOAAQ,1084,1084,EX1084,23-04-2024-12-52
Success,,01t1e000002rlnPAAQ,1085,1085,EX1085,23-04-2024-12-52
Success,,01t1e000002rlnQAAQ,1086,1086,EX1086,23-04-2024-12-52
Success,,01t1e000002rlnRAAQ,1087,1087,EX1087,23-04-2024-12-52
Success,,01t1e000002rlnSAAQ,1088,1088,EX1088,23-04-2024-12-52
Success,,01t1e000002rlnTAAQ,1089,1089,EX1089,23-04-2024-12-52
Success,,01t1e000002rlnUAAQ,1090,1090,EX1090,23-04-2024-12-52
Success,,01t1e000002rlnVAAQ,1091,1091,EX1091,23-04-2024-12-52
Success,,01t1e000002rlnWAAQ,1092,1092,EX1092,23-04-2024-12-52
Success,,01t1e000002rlnXAAQ,1093,1093,EX1093,23-04-2024-12-52
Success,,01t1e000002rlnYAAQ,1094,1094,EX1094,23-04-2024-12-52
Success,,01t1e000002rlnZAAQ,1095,1095,EX1095,23-04-2024-12-52
Success,,01t1e000002rlnaAAA,1096,1096,EX1096,23-04-2024-12-52
Success,,01t1e000002rlnbAAA,1097,1097,EX1097,23-04-2024-12-52
Success,,01t1e000002rlncAAA,1098,1098,EX1098,23-04-2024-12-52
Success,,01t1e000002rlndAAA,1099,1099,EX1099,23-04-2024-12-52
Success,,01t1e000002rlneAAA,1100,1100,EX1100,23-04-2024-12-52
Success,,01t1e000002rlnfAAA,1101,1101,EX1101,23-04-2024-12-52
Success,,01t1e000002rlngAAA,1102,1102,EX1102,23-04-2024-12-52
Success,,01t1e000002rlnhAAA,1103,1103,EX1103,23-04-2024-12-52
Success,,01t1e000002rlniAAA,1104,1104,EX1104,23-04-2024-12-52
Success,,01t1e000002rlnjAAA,1105,1105,EX1105,23-04-2024-12-52
Success,,01t1e000002rlnkAAA,1106,1106,EX1106,23-04-2024-12-52
Success,,01t1e000002rlnlAAA,1107,1107,EX1107,23-04-2024-12-52
Success,,01t1e000002rlnmAAA,1108,1108,EX1108,23-04-2024-12-52
Success,,01t1e000002rlnnAAA,1109,1109,EX1109,23-04-2024-12-52
Success,,01t1e000002rlnoAAA,1110,1110,EX1110,23-04-2024-12-52
Success,,01t1e000002rlnpAAA,1111,1111,EX1111,23-04-2024-12-52
Success,,01t1e000002rlnqAAA,1112,1112,EX1112,23-04-2024-12-52
Success,,01t1e000002rlnrAAA,1113,1113,EX1113,23-04-2024-12-52
Success,,01t1e000002rlnsAAA,1114,1114,EX1114,23-04-2024-12-52
Success,,01t1e000002rlntAAA,1115,1115,EX1115,23-04-2024-12-52
Success,,01t1e000002rlnuAAA,1116,1116,EX1116,23-04-2024-12-52
Success,,01t1e000002rlnvAAA,1117,1117,EX1117,23-04-2024-12-52
Success,,01t1e000002rlnwAAA,1118,1118,EX1118,23-04-2024-12-52
Success,,01t1e000002rlnxAAA,1119,1119,EX1119,23-04-2024-12-52
Success,,01t1e000002rlnyAAA,1120,1120,EX1120,23-04-2024-12-52
Success,,01t1e000002rlnzAAA,1121,1121,EX1121,23-04-2024-12-52
Success,,01t1e000002rlo0AAA,1122,1122,EX1122,23-04-2024-12-52
Success,,01t1e000002rlo1AAA,1123,1123,EX1123,23-04-2024-12-52
Success,,01t1e000002rlo2AAA,1124,1124,EX1124,23-04-2024-12-52
Success,,01t1e000002rlo3AAA,1125,1125,EX1125,23-04-2024-12-52
Success,,01t1e000002rlo4AAA,1126,1126,EX1126,23-04-2024-12-52
Success,,01t1e000002rlo5AAA,1127,1127,EX1127,23-04-2024-12-52
Success,,01t1e000002rlo6AAA,1128,1128,EX1128,23-04-2024-12-52
Success,,01t1e000002rlo7AAA,1129,1129,EX1129,23-04-2024-12-52
Success,,01t1e000002rlo8AAA,1130,1130,EX1130,23-04-2024-12-52
Success,,01t1e000002rlo9AAA,1131,1131,EX1131,23-04-2024-12-52
Success,,01t1e000002rloAAAQ,1132,1132,EX1132,23-04-2024-12-52
Success,,01t1e000002rloBAAQ,1133,1133,EX1133,23-04-2024-12-52
Success,,01t1e000002rloCAAQ,1134,1134,EX1134,23-04-2024-12-52
Success,,01t1e000002rloDAAQ,1135,1135,EX1135,23-04-2024-12-52
Success,,01t1e000002rloEAAQ,1136,1136,EX1136,23-04-2024-12-52
Success,,01t1e000002rloFAAQ,1137,1137,EX1137,23-04-2024-12-52
Success,,01t1e000002rloGAAQ,1138,1138,EX1138,23-04-2024-12-52
Success,,01t1e000002rloHAAQ,1139,1139,EX1139,23-04-2024-12-52
Success,,01t1e000002rloIAAQ,1140,1140,EX1140,23-04-2024-12-52
Success,,01t1e000002rloJAAQ,1141,1141,EX1141,23-04-2024-12-52
Success,,01t1e000002rloKAAQ,1142,1142,EX1142,23-04-2024-12-52
Success,,01t1e000002rloLAAQ,1143,1143,EX1143,23-04-2024-12-52
Success,,01t1e000002rloMAAQ,1144,1144,EX1144,23-04-2024-12-52
Success,,01t1e000002rloNAAQ,1145,1145,EX1145,23-04-2024-12-52
Success,,01t1e000002rloOAAQ,1146,1146,EX1146,23-04-2024-12-52
Success,,01t1e000002rloPAAQ,1147,1147,EX1147,23-04-2024-12-52
Success,,01t1e000002rloQAAQ,1148,1148,EX1148,23-04-2024-12-52
Success,,01t1e000002rloRAAQ,1149,1149,EX1149,23-04-2024-12-52
Success,,01t1e000002rloSAAQ,1150,1150,EX1150,23-04-2024-12-52
Success,,01t1e000002rloTAAQ,1151,1151,EX1151,23-04-2024-12-52
Success,,01t1e000002rloUAAQ,1152,1152,EX1152,23-04-2024-12-52
Success,,01t1e000002rloVAAQ,1153,1153,EX1153,23-04-2024-12-52
Success,,01t1e000002rloWAAQ,1154,1154,EX1154,23-04-2024-12-52
Success,,01t1e000002rloXAAQ,1155,1155,EX1155,23-04-2024-12-52
Success,,01t1e000002rloYAAQ,1156,1156,EX1156,23-04-2024-12-52
Success,,01t1e000002rloZAAQ,1157,1157,EX1157,23-04-2024-12-52
Success,,01t1e000002rloaAAA,1158,1158,EX1158,23-04-2024-12-52
Success,,01t1e000002rlobAAA,1159,1159,EX1159,23-04-2024-12-52
Success,,01t1e000002rlocAAA,1160,1160,EX1160,23-04-2024-12-52
Success,,01t1e000002rlodAAA,1161,1161,EX1161,23-04-2024-12-52
Success,,01t1e000002rloeAAA,1162,1162,EX1162,23-04-2024-12-52
Success,,01t1e000002rlofAAA,1163,1163,EX1163,23-04-2024-12-52
Success,,01t1e000002rlogAAA,1164,1164,EX1164,23-04-2024-12-52
Success,,01t1e000002rlohAAA,1165,1165,EX1165,23-04-2024-12-52
Success,,01t1e000002rloiAAA,1166,1166,EX1166,23-04-2024-12-52
Success,,01t1e000002rlojAAA,1167,1167,EX1167,23-04-2024-12-52
Success,,01t1e000002rlokAAA,1168,1168,EX1168,23-04-2024-12-52
Success,,01t1e000002rlolAAA,1169,1169,EX1169,23-04-2024-12-52
Success,,01t1e000002rlomAAA,1170,1170,EX1170,23-04-2024-12-52
Success,,01t1e000002rlonAAA,1171,1171,EX1171,23-04-2024-12-52
Success,,01t1e000002rlooAAA,1172,1172,EX1172,23-04-2024-12-52
Success,,01t1e000002rlopAAA,1173,1173,EX1173,23-04-2024-12-52
Success,,01t1e000002rloqAAA,1174,1174,EX1174,23-04-2024-12-52
Success,,01t1e000002rlorAAA,1175,1175,EX1175,23-04-2024-12-52
Success,,01t1e000002rlosAAA,1176,1176,EX1176,23-04-2024-12-52
Success,,01t1e000002rlotAAA,1177,1177,EX1177,23-04-2024-12-52
Success,,01t1e000002rlouAAA,1178,1178,EX1178,23-04-2024-12-52
Success,,01t1e000002rlovAAA,1179,1179,EX1179,23-04-2024-12-52
Success,,01t1e000002rlowAAA,1180,1180,EX1180,23-04-2024-12-52
Success,,01t1e000002rloxAAA,1181,1181,EX1181,23-04-2024-12-52
Success,,01t1e000002rloyAAA,1182,1182,EX1182,23-04-2024-12-52
Success,,01t1e000002rlozAAA,1183,1183,EX1183,23-04-2024-12-52
Success,,01t1e000002rlp0AAA,1184,1184,EX1184,23-04-2024-12-52
Success,,01t1e000002rlp1AAA,1185,1185,EX1185,23-04-2024-12-52
Success,,01t1e000002rlp2AAA,1186,1186,EX1186,23-04-2024-12-52
Success,,01t1e000002rlp3AAA,1187,1187,EX1187,23-04-2024-12-52
Success,,01t1e000002rlp4AAA,1188,1188,EX1188,23-04-2024-12-52
Success,,01t1e000002rlp5AAA,1189,1189,EX1189,23-04-2024-12-52
Success,,01t1e000002rlp6AAA,1190,1190,EX1190,23-04-2024-12-52
Success,,01t1e000002rlp7AAA,1191,1191,EX1191,23-04-2024-12-52
Success,,01t1e000002rlp8AAA,1192,1192,EX1192,23-04-2024-12-52
Success,,01t1e000002rlp9AAA,1193,1193,EX1193,23-04-2024-12-52
Success,,01t1e000002rlpAAAQ,1194,1194,EX1194,23-04-2024-12-52
Success,,01t1e000002rlpBAAQ,1195,1195,EX1195,23-04-2024-12-52
Success,,01t1e000002rlpCAAQ,1196,1196,EX1196,23-04-2024-12-52
Success,,01t1e000002rlpDAAQ,1197,1197,EX1197,23-04-2024-12-52
Success,,01t1e000002rlpEAAQ,1198,1198,EX1198,23-04-2024-12-52
Success,,01t1e000002rlpFAAQ,1199,1199,EX1199,23-04-2024-12-52
Success,,01t1e000002rlpGAAQ,1200,1200,EX1200,23-04-2024-12-52
Success,,01t1e000002rlpHAAQ,1201,1201,EX1201,23-04-2024-12-52
Success,,01t1e000002rlpIAAQ,1202,1202,EX1202,23-04-2024-12-52
Success,,01t1e000002rlpJAAQ,1203,1203,EX1203,23-04-2024-12-52
Success,,01t1e000002rlpKAAQ,1204,1204,EX1204,23-04-2024-12-52
Success,,01t1e000002rlpLAAQ,1205,1205,EX1205,23-04-2024-12-52
Success,,01t1e000002rlpMAAQ,1206,1206,EX1206,23-04-2024-12-52
Success,,01t1e000002rlpNAAQ,1207,1207,EX1207,23-04-2024-12-52
Success,,01t1e000002rlpOAAQ,1208,1208,EX1208,23-04-2024-12-52
Success,,01t1e000002rlpPAAQ,1209,1209,EX1209,23-04-2024-12-52
Success,,01t1e000002rlpQAAQ,1210,1210,EX1210,23-04-2024-12-52
Success,,01t1e000002rlpRAAQ,1211,1211,EX1211,23-04-2024-12-52
Success,,01t1e000002rlpSAAQ,1212,1212,EX1212,23-04-2024-12-52
Success,,01t1e000002rlpTAAQ,1213,1213,EX1213,23-04-2024-12-52
Success,,01t1e000002rlpUAAQ,1214,1214,EX1214,23-04-2024-12-52
Success,,01t1e000002rlpVAAQ,1215,1215,EX1215,23-04-2024-12-52
Success,,01t1e000002rlpWAAQ,1216,1216,EX1216,23-04-2024-12-52
Success,,01t1e000002rlpXAAQ,1217,1217,EX1217,23-04-2024-12-52
Success,,01t1e000002rlpYAAQ,1218,1218,EX1218,23-04-2024-12-52
Success,,01t1e000002rlpZAAQ,1219,1219,EX1219,23-04-2024-12-52
Success,,01t1e000002rlpaAAA,1220,1220,EX1220,23-04-2024-12-52
Success,,01t1e000002rlpbAAA,1221,1221,EX1221,23-04-2024-12-52
Success,,01t1e000002rlpcAAA,1222,1222,EX1222,23-04-2024-12-52
Success,,01t1e000002rlpdAAA,1223,1223,EX1223,23-04-2024-12-52
Success,,01t1e000002rlpeAAA,1224,1224,EX1224,23-04-2024-12-52
Success,,01t1e000002rlpfAAA,1225,1225,EX1225,23-04-2024-12-52
Success,,01t1e000002rlpgAAA,1226,1226,EX1226,23-04-2024-12-52
Success,,01t1e000002rlphAAA,1227,1227,EX1227,23-04-2024-12-52
Success,,01t1e000002rlpiAAA,1228,1228,EX1228,23-04-2024-12-52
Success,,01t1e000002rlpjAAA,1229,1229,EX1229,23-04-2024-12-52
Success,,01t1e000002rlpkAAA,1230,1230,EX1230,23-04-2024-12-52
Success,,01t1e000002rlplAAA,1231,1231,EX1231,23-04-2024-12-52
Success,,01t1e000002rlpmAAA,1232,1232,EX1232,23-04-2024-12-52
Success,,01t1e000002rlpnAAA,1233,1233,EX1233,23-04-2024-12-52
Success,,01t1e000002rlpoAAA,1234,1234,EX1234,23-04-2024-12-52
Success,,01t1e000002rlppAAA,1235,1235,EX1235,23-04-2024-12-52
Success,,01t1e000002rlpqAAA,1236,1236,EX1236,23-04-2024-12-52
Success,,01t1e000002rlprAAA,1237,1237,EX1237,23-04-2024-12-52
Success,,01t1e000002rlpsAAA,1238,1238,EX1238,23-04-2024-12-52
Success,,01t1e000002rlptAAA,1239,1239,EX1239,23-04-2024-12-52
Success,,01t1e000002rlpuAAA,1240,1240,EX1240,23-04-2024-12-52
Success,,01t1e000002rlpvAAA,1241,1241,EX1241,23-04-2024-12-52
Success,,01t1e000002rlpwAAA,1242,1242,EX1242,23-04-2024-12-52
Success,,01t1e000002rlpxAAA,1243,1243,EX1243,23-04-2024-12-52
Success,,01t1e000002rlpyAAA,1244,1244,EX1244,23-04-2024-12-52
Success,,01t1e000002rlpzAAA,1245,1245,EX1245,23-04-2024-12-52
Success,,01t1e000002rlq0AAA,1246,1246,EX1246,23-04-2024-12-52
Success,,01t1e000002rlq1AAA,1247,1247,EX1247,23-04-2024-12-52
Success,,01t1e000002rlq2AAA,1248,1248,EX1248,23-04-2024-12-52
Success,,01t1e000002rlq3AAA,1249,1249,EX1249,23-04-2024-12-52
Success,,01t1e000002rlq4AAA,1250,1250,EX1250,23-04-2024-12-52
Success,,01t1e000002rlq5AAA,1251,1251,EX1251,23-04-2024-12-52
Success,,01t1e000002rlq6AAA,1252,1252,EX1252,23-04-2024-12-52
Success,,01t1e000002rlq7AAA,1253,1253,EX1253,23-04-2024-12-52
Success,,01t1e000002rlq8AAA,1254,1254,EX1254,23-04-2024-12-52
Success,,01t1e000002rlq9AAA,1255,1255,EX1255,23-04-2024-12-52
Success,,01t1e000002rlqAAAQ,1256,1256,EX1256,23-04-2024-12-52
Success,,01t1e000002rlqBAAQ,1257,1257,EX1257,23-04-2024-12-52
Success,,01t1e000002rlqCAAQ,1258,1258,EX1258,23-04-2024-12-52
Success,,01t1e000002rlqDAAQ,1259,1259,EX1259,23-04-2024-12-52
Success,,01t1e000002rlqEAAQ,1260,1260,EX1260,23-04-2024-12-52
Success,,01t1e000002rlqFAAQ,1261,1261,EX1261,23-04-2024-12-52
Success,,01t1e000002rlqGAAQ,1262,1262,EX1262,23-04-2024-12-52
Success,,01t1e000002rlqHAAQ,1263,1263,EX1263,23-04-2024-12-52
Success,,01t1e000002rlqIAAQ,1264,1264,EX1264,23-04-2024-12-52
Success,,01t1e000002rlqJAAQ,1265,1265,EX1265,23-04-2024-12-52
Success,,01t1e000002rlqKAAQ,1266,1266,EX1266,23-04-2024-12-52
Success,,01t1e000002rlqLAAQ,1267,1267,EX1267,23-04-2024-12-52
Success,,01t1e000002rlqMAAQ,1268,1268,EX1268,23-04-2024-12-52
Success,,01t1e000002rlqNAAQ,1269,1269,EX1269,23-04-2024-12-52
Success,,01t1e000002rlqOAAQ,1270,1270,EX1270,23-04-2024-12-52
Success,,01t1e000002rlqPAAQ,1271,1271,EX1271,23-04-2024-12-52
Success,,01t1e000002rlqQAAQ,1272,1272,EX1272,23-04-2024-12-52
Success,,01t1e000002rlqRAAQ,1273,1273,EX1273,23-04-2024-12-52
Success,,01t1e000002rlqSAAQ,1274,1274,EX1274,23-04-2024-12-52
Success,,01t1e000002rlqTAAQ,1275,1275,EX1275,23-04-2024-12-52
Success,,01t1e000002rlqUAAQ,1276,1276,EX1276,23-04-2024-12-52
Success,,01t1e000002rlqVAAQ,1277,1277,EX1277,23-04-2024-12-52
Success,,01t1e000002rlqWAAQ,1278,1278,EX1278,23-04-2024-12-52
Success,,01t1e000002rlqXAAQ,1279,1279,EX1279,23-04-2024-12-52
Success,,01t1e000002rlqYAAQ,1280,1280,EX1280,23-04-2024-12-52
Success,,01t1e000002rlqZAAQ,1281,1281,EX1281,23-04-2024-12-52
Success,,01t1e000002rlqaAAA,1282,1282,EX1282,23-04-2024-12-52
Success,,01t1e000002rlqbAAA,1283,1283,EX1283,23-04-2024-12-52
Success,,01t1e000002rlqcAAA,1284,1284,EX1284,23-04-2024-12-52
Success,,01t1e000002rlqdAAA,1285,1285,EX1285,23-04-2024-12-52
Success,,01t1e000002rlqeAAA,1286,1286,EX1286,23-04-2024-12-52
Success,,01t1e000002rlqfAAA,1287,1287,EX1287,23-04-2024-12-52
Success,,01t1e000002rlqgAAA,1288,1288,EX1288,23-04-2024-12-52
Success,,01t1e000002rlqhAAA,1289,1289,EX1289,23-04-2024-12-52
Success,,01t1e000002rlqiAAA,1290,1290,EX1290,23-04-2024-12-52
Success,,01t1e000002rlqjAAA,1291,1291,EX1291,23-04-2024-12-52
Success,,01t1e000002rlqkAAA,1292,1292,EX1292,23-04-2024-12-52
Success,,01t1e000002rlqlAAA,1293,1293,EX1293,23-04-2024-12-52
Success,,01t1e000002rlqmAAA,1294,1294,EX1294,23-04-2024-12-52
Success,,01t1e000002rlqnAAA,1295,1295,EX1295,23-04-2024-12-52
Success,,01t1e000002rlqoAAA,1296,1296,EX1296,23-04-2024-12-52
Success,,01t1e000002rlqpAAA,1297,1297,EX1297,23-04-2024-12-52
Success,,01t1e000002rlqqAAA,1298,1298,EX1298,23-04-2024-12-52
Success,,01t1e000002rlqrAAA,1299,1299,EX1299,23-04-2024-12-52
Success,,01t1e000002rlqsAAA,1300,1300,EX1300,23-04-2024-12-52
Success,,01t1e000002rlqtAAA,1301,1301,EX1301,23-04-2024-12-52
Success,,01t1e000002rlquAAA,1302,1302,EX1302,23-04-2024-12-52
Success,,01t1e000002rlqvAAA,1303,1303,EX1303,23-04-2024-12-52
Success,,01t1e000002rlqwAAA,1304,1304,EX1304,23-04-2024-12-52
Success,,01t1e000002rlqxAAA,1305,1305,EX1305,23-04-2024-12-52
Success,,01t1e000002rlqyAAA,1306,1306,EX1306,23-04-2024-12-52
Success,,01t1e000002rlqzAAA,1307,1307,EX1307,23-04-2024-12-52
Success,,01t1e000002rlr0AAA,1308,1308,EX1308,23-04-2024-12-52
Success,,01t1e000002rlr1AAA,1309,1309,EX1309,23-04-2024-12-52
Success,,01t1e000002rlr2AAA,1310,1310,EX1310,23-04-2024-12-52
Success,,01t1e000002rlr3AAA,1311,1311,EX1311,23-04-2024-12-52
Success,,01t1e000002rlr4AAA,1312,1312,EX1312,23-04-2024-12-52
Success,,01t1e000002rlr5AAA,1313,1313,EX1313,23-04-2024-12-52
Success,,01t1e000002rlr6AAA,1314,1314,EX1314,23-04-2024-12-52
Success,,01t1e000002rlr7AAA,1315,1315,EX1315,23-04-2024-12-52
Success,,01t1e000002rlr8AAA,1316,1316,EX1316,23-04-2024-12-52
Success,,01t1e000002rlr9AAA,1317,1317,EX1317,23-04-2024-12-52
Success,,01t1e000002rlrAAAQ,1318,1318,EX1318,23-04-2024-12-52
Success,,01t1e000002rlrBAAQ,1319,1319,EX1319,23-04-2024-12-52
Success,,01t1e000002rlrCAAQ,1320,1320,EX1320,23-04-2024-12-52
Success,,01t1e000002rlrDAAQ,1321,1321,EX1321,23-04-2024-12-52
Success,,01t1e000002rlrEAAQ,1322,1322,EX1322,23-04-2024-12-52
Success,,01t1e000002rlrFAAQ,1323,1323,EX1323,23-04-2024-12-52
Success,,01t1e000002rlrGAAQ,1324,1324,EX1324,23-04-2024-12-52
Success,,01t1e000002rlrHAAQ,1325,1325,EX1325,23-04-2024-12-52
Success,,01t1e000002rlrIAAQ,1326,1326,EX1326,23-04-2024-12-52
Success,,01t1e000002rlrJAAQ,1327,1327,EX1327,23-04-2024-12-52
Success,,01t1e000002rlrKAAQ,1328,1328,EX1328,23-04-2024-12-52
Success,,01t1e000002rlrLAAQ,1329,1329,EX1329,23-04-2024-12-52
Success,,01t1e000002rlrMAAQ,1330,1330,EX1330,23-04-2024-12-52
Success,,01t1e000002rlrNAAQ,1331,1331,EX1331,23-04-2024-12-52
Success,,01t1e000002rlrOAAQ,1332,1332,EX1332,23-04-2024-12-52
Success,,01t1e000002rlrPAAQ,1333,1333,EX1333,23-04-2024-12-52
Success,,01t1e000002rlrQAAQ,1334,1334,EX1334,23-04-2024-12-52
Success,,01t1e000002rlrRAAQ,1335,1335,EX1335,23-04-2024-12-52
Success,,01t1e000002rlrSAAQ,1336,1336,EX1336,23-04-2024-12-52
Success,,01t1e000002rlrTAAQ,1337,1337,EX1337,23-04-2024-12-52
Success,,01t1e000002rlrUAAQ,1338,1338,EX1338,23-04-2024-12-52
Success,,01t1e000002rlrVAAQ,1339,1339,EX1339,23-04-2024-12-52
Success,,01t1e000002rlrWAAQ,1340,1340,EX1340,23-04-2024-12-52
Success,,01t1e000002rlrXAAQ,1341,1341,EX1341,23-04-2024-12-52
Success,,01t1e000002rlrYAAQ,1342,1342,EX1342,23-04-2024-12-52
Success,,01t1e000002rlrZAAQ,1343,1343,EX1343,23-04-2024-12-52
Success,,01t1e000002rlraAAA,1344,1344,EX1344,23-04-2024-12-52
Success,,01t1e000002rlrbAAA,1345,1345,EX1345,23-04-2024-12-52
Success,,01t1e000002rlrcAAA,1346,1346,EX1346,23-04-2024-12-52
Success,,01t1e000002rlrdAAA,1347,1347,EX1347,23-04-2024-12-52
Success,,01t1e000002rlreAAA,1348,1348,EX1348,23-04-2024-12-52
Success,,01t1e000002rlrfAAA,1349,1349,EX1349,23-04-2024-12-52
Success,,01t1e000002rlrgAAA,1350,1350,EX1350,23-04-2024-12-52
Success,,01t1e000002rlrhAAA,1351,1351,EX1351,23-04-2024-12-52
Success,,01t1e000002rlriAAA,1352,1352,EX1352,23-04-2024-12-52
Success,,01t1e000002rlrjAAA,1353,1353,EX1353,23-04-2024-12-52
Success,,01t1e000002rlrkAAA,1354,1354,EX1354,23-04-2024-12-52
Success,,01t1e000002rlrlAAA,1355,1355,EX1355,23-04-2024-12-52
Success,,01t1e000002rlrmAAA,1356,1356,EX1356,23-04-2024-12-52
Success,,01t1e000002rlrnAAA,1357,1357,EX1357,23-04-2024-12-52
Success,,01t1e000002rlroAAA,1358,1358,EX1358,23-04-2024-12-52
Success,,01t1e000002rlrpAAA,1359,1359,EX1359,23-04-2024-12-52
Success,,01t1e000002rlrqAAA,1360,1360,EX1360,23-04-2024-12-52
Success,,01t1e000002rlrrAAA,1361,1361,EX1361,23-04-2024-12-52
Success,,01t1e000002rlrsAAA,1362,1362,EX1362,23-04-2024-12-52
Success,,01t1e000002rlrtAAA,1363,1363,EX1363,23-04-2024-12-52
Success,,01t1e000002rlruAAA,1364,1364,EX1364,23-04-2024-12-52
Success,,01t1e000002rlrvAAA,1365,1365,EX1365,23-04-2024-12-52
Success,,01t1e000002rlrwAAA,1366,1366,EX1366,23-04-2024-12-52
Success,,01t1e000002rlrxAAA,1367,1367,EX1367,23-04-2024-12-52
Success,,01t1e000002rlryAAA,1368,1368,EX1368,23-04-2024-12-52
Success,,01t1e000002rlrzAAA,1369,1369,EX1369,23-04-2024-12-52
Success,,01t1e000002rls0AAA,1370,1370,EX1370,23-04-2024-12-52
Success,,01t1e000002rls1AAA,1371,1371,EX1371,23-04-2024-12-52
Success,,01t1e000002rls2AAA,1372,1372,EX1372,23-04-2024-12-52
Success,,01t1e000002rls3AAA,1373,1373,EX1373,23-04-2024-12-52
Success,,01t1e000002rls4AAA,1374,1374,EX1374,23-04-2024-12-52
Success,,01t1e000002rls5AAA,1375,1375,EX1375,23-04-2024-12-52
Success,,01t1e000002rls6AAA,1376,1376,EX1376,23-04-2024-12-52
Success,,01t1e000002rls7AAA,1377,1377,EX1377,23-04-2024-12-52
Success,,01t1e000002rls8AAA,1378,1378,EX1378,23-04-2024-12-52
Success,,01t1e000002rls9AAA,1379,1379,EX1379,23-04-2024-12-52
Success,,01t1e000002rlsAAAQ,1380,1380,EX1380,23-04-2024-12-52
Success,,01t1e000002rlsBAAQ,1381,1381,EX1381,23-04-2024-12-52
Success,,01t1e000002rlsCAAQ,1382,1382,EX1382,23-04-2024-12-52
Success,,01t1e000002rlsDAAQ,1383,1383,EX1383,23-04-2024-12-52
Success,,01t1e000002rlsEAAQ,1384,1384,EX1384,23-04-2024-12-52
Success,,01t1e000002rlsFAAQ,1385,1385,EX1385,23-04-2024-12-52
Success,,01t1e000002rlsGAAQ,1386,1386,EX1386,23-04-2024-12-52
Success,,01t1e000002rlsHAAQ,1387,1387,EX1387,23-04-2024-12-52
Success,,01t1e000002rlsIAAQ,1388,1388,EX1388,23-04-2024-12-52
Success,,01t1e000002rlsJAAQ,1389,1389,EX1389,23-04-2024-12-52
Success,,01t1e000002rlsKAAQ,1390,1390,EX1390,23-04-2024-12-52
Success,,01t1e000002rlsLAAQ,1391,1391,EX1391,23-04-2024-12-52
Success,,01t1e000002rlsMAAQ,1392,1392,EX1392,23-04-2024-12-52
Success,,01t1e000002rlsNAAQ,1393,1393,EX1393,23-04-2024-12-52
Success,,01t1e000002rlsOAAQ,1394,1394,EX1394,23-04-2024-12-52
Success,,01t1e000002rlsPAAQ,1395,1395,EX1395,23-04-2024-12-52
Success,,01t1e000002rlsQAAQ,1396,1396,EX1396,23-04-2024-12-52
Success,,01t1e000002rlsRAAQ,1397,1397,EX1397,23-04-2024-12-52
Success,,01t1e000002rlsSAAQ,1398,1398,EX1398,23-04-2024-12-52
Success,,01t1e000002rlsTAAQ,1399,1399,EX1399,23-04-2024-12-52
Success,,01t1e000002rlsUAAQ,1400,1400,EX1400,23-04-2024-12-52
Success,,01t1e000002rlsVAAQ,1401,1401,EX1401,23-04-2024-12-52
Success,,01t1e000002rlsWAAQ,1402,1402,EX1402,23-04-2024-12-52
Success,,01t1e000002rlsXAAQ,1403,1403,EX1403,23-04-2024-12-52
Success,,01t1e000002rlsYAAQ,1404,1404,EX1404,23-04-2024-12-52
Success,,01t1e000002rlsZAAQ,1405,1405,EX1405,23-04-2024-12-52
Success,,01t1e000002rlsaAAA,1406,1406,EX1406,23-04-2024-12-52
Success,,01t1e000002rlsbAAA,1407,1407,EX1407,23-04-2024-12-52
Success,,01t1e000002rlscAAA,1408,1408,EX1408,23-04-2024-12-52
Success,,01t1e000002rlsdAAA,1409,1409,EX1409,23-04-2024-12-52
Success,,01t1e000002rlseAAA,1410,1410,EX1410,23-04-2024-12-52
Success,,01t1e000002rlsfAAA,1411,1411,EX1411,23-04-2024-12-52
Success,,01t1e000002rlsgAAA,1412,1412,EX1412,23-04-2024-12-52
Success,,01t1e000002rlshAAA,1413,1413,EX1413,23-04-2024-12-52
Success,,01t1e000002rlsiAAA,1414,1414,EX1414,23-04-2024-12-52
Success,,01t1e000002rlsjAAA,1415,1415,EX1415,23-04-2024-12-52
Success,,01t1e000002rlskAAA,1416,1416,EX1416,23-04-2024-12-52
Success,,01t1e000002rlslAAA,1417,1417,EX1417,23-04-2024-12-52
Success,,01t1e000002rlsmAAA,1418,1418,EX1418,23-04-2024-12-52
Success,,01t1e000002rlsnAAA,1419,1419,EX1419,23-04-2024-12-52
Success,,01t1e000002rlsoAAA,1420,1420,EX1420,23-04-2024-12-52
Success,,01t1e000002rlspAAA,1421,1421,EX1421,23-04-2024-12-52
Success,,01t1e000002rlsqAAA,1422,1422,EX1422,23-04-2024-12-52
Success,,01t1e000002rlsrAAA,1423,1423,EX1423,23-04-2024-12-52
Success,,01t1e000002rlssAAA,1424,1424,EX1424,23-04-2024-12-52
Success,,01t1e000002rlstAAA,1425,1425,EX1425,23-04-2024-12-52
Success,,01t1e000002rlsuAAA,1426,1426,EX1426,23-04-2024-12-52
Success,,01t1e000002rlsvAAA,1427,1427,EX1427,23-04-2024-12-52
Success,,01t1e000002rlswAAA,1428,1428,EX1428,23-04-2024-12-52
Success,,01t1e000002rlsxAAA,1429,1429,EX1429,23-04-2024-12-52
Success,,01t1e000002rlsyAAA,1430,1430,EX1430,23-04-2024-12-52
Success,,01t1e000002rlszAAA,1431,1431,EX1431,23-04-2024-12-52
Success,,01t1e000002rlt0AAA,1432,1432,EX1432,23-04-2024-12-52
Success,,01t1e000002rlt1AAA,1433,1433,EX1433,23-04-2024-12-52
Success,,01t1e000002rlt2AAA,1434,1434,EX1434,23-04-2024-12-52
Success,,01t1e000002rlt3AAA,1435,1435,EX1435,23-04-2024-12-52
Success,,01t1e000002rlt4AAA,1436,1436,EX1436,23-04-2024-12-52
Success,,01t1e000002rlt5AAA,1437,1437,EX1437,23-04-2024-12-52
Success,,01t1e000002rlt6AAA,1438,1438,EX1438,23-04-2024-12-52
Success,,01t1e000002rlt7AAA,1439,1439,EX1439,23-04-2024-12-52
Success,,01t1e000002rlt8AAA,1440,1440,EX1440,23-04-2024-12-52
Success,,01t1e000002rlt9AAA,1441,1441,EX1441,23-04-2024-12-52
Success,,01t1e000002rltAAAQ,1442,1442,EX1442,23-04-2024-12-52
Success,,01t1e000002rltBAAQ,1443,1443,EX1443,23-04-2024-12-52
Success,,01t1e000002rltCAAQ,1444,1444,EX1444,23-04-2024-12-52
Success,,01t1e000002rltDAAQ,1445,1445,EX1445,23-04-2024-12-52
Success,,01t1e000002rltEAAQ,1446,1446,EX1446,23-04-2024-12-52
Success,,01t1e000002rltFAAQ,1447,1447,EX1447,23-04-2024-12-52
Success,,01t1e000002rltGAAQ,1448,1448,EX1448,23-04-2024-12-52
Success,,01t1e000002rltHAAQ,1449,1449,EX1449,23-04-2024-12-52
Success,,01t1e000002rltIAAQ,1450,1450,EX1450,23-04-2024-12-52
Success,,01t1e000002rltJAAQ,1451,1451,EX1451,23-04-2024-12-52
Success,,01t1e000002rltKAAQ,1452,1452,EX1452,23-04-2024-12-52
Success,,01t1e000002rltLAAQ,1453,1453,EX1453,23-04-2024-12-52
Success,,01t1e000002rltMAAQ,1454,1454,EX1454,23-04-2024-12-52
Success,,01t1e000002rltNAAQ,1455,1455,EX1455,23-04-2024-12-52
Success,,01t1e000002rltOAAQ,1456,1456,EX1456,23-04-2024-12-52
Success,,01t1e000002rltPAAQ,1457,1457,EX1457,23-04-2024-12-52
Success,,01t1e000002rltQAAQ,1458,1458,EX1458,23-04-2024-12-52
Success,,01t1e000002rltRAAQ,1459,1459,EX1459,23-04-2024-12-52
Success,,01t1e000002rltSAAQ,1460,1460,EX1460,23-04-2024-12-52
Success,,01t1e000002rltTAAQ,1461,1461,EX1461,23-04-2024-12-52
Success,,01t1e000002rltUAAQ,1462,1462,EX1462,23-04-2024-12-52
Success,,01t1e000002rltVAAQ,1463,1463,EX1463,23-04-2024-12-52
Success,,01t1e000002rltWAAQ,1464,1464,EX1464,23-04-2024-12-52
Success,,01t1e000002rltXAAQ,1465,1465,EX1465,23-04-2024-12-52
Success,,01t1e000002rltYAAQ,1466,1466,EX1466,23-04-2024-12-52
Success,,01t1e000002rltZAAQ,1467,1467,EX1467,23-04-2024-12-52
Success,,01t1e000002rltaAAA,1468,1468,EX1468,23-04-2024-12-52
Success,,01t1e000002rltbAAA,1469,1469,EX1469,23-04-2024-12-52
Success,,01t1e000002rltcAAA,1470,1470,EX1470,23-04-2024-12-52
Success,,01t1e000002rltdAAA,1471,1471,EX1471,23-04-2024-12-52
Success,,01t1e000002rlteAAA,1472,1472,EX1472,23-04-2024-12-52
Success,,01t1e000002rltfAAA,1473,1473,EX1473,23-04-2024-12-52
Success,,01t1e000002rltgAAA,1474,1474,EX1474,23-04-2024-12-52
Success,,01t1e000002rlthAAA,1475,1475,EX1475,23-04-2024-12-52
Success,,01t1e000002rltiAAA,1476,1476,EX1476,23-04-2024-12-52
Success,,01t1e000002rltjAAA,1477,1477,EX1477,23-04-2024-12-52
Success,,01t1e000002rltkAAA,1478,1478,EX1478,23-04-2024-12-52
Success,,01t1e000002rltlAAA,1479,1479,EX1479,23-04-2024-12-52
Success,,01t1e000002rltmAAA,1480,1480,EX1480,23-04-2024-12-52
Success,,01t1e000002rltnAAA,1481,1481,EX1481,23-04-2024-12-52
Success,,01t1e000002rltoAAA,1482,1482,EX1482,23-04-2024-12-52
Success,,01t1e000002rltpAAA,1483,1483,EX1483,23-04-2024-12-52
Success,,01t1e000002rltqAAA,1484,1484,EX1484,23-04-2024-12-52
Success,,01t1e000002rltrAAA,1485,1485,EX1485,23-04-2024-12-52
Success,,01t1e000002rltsAAA,1486,1486,EX1486,23-04-2024-12-52
Success,,01t1e000002rlttAAA,1487,1487,EX1487,23-04-2024-12-52
Success,,01t1e000002rltuAAA,1488,1488,EX1488,23-04-2024-12-52
Success,,01t1e000002rltvAAA,1489,1489,EX1489,23-04-2024-12-52
Success,,01t1e000002rltwAAA,1490,1490,EX1490,23-04-2024-12-52
Success,,01t1e000002rltxAAA,1491,1491,EX1491,23-04-2024-12-52
Success,,01t1e000002rltyAAA,1492,1492,EX1492,23-04-2024-12-52
Success,,01t1e000002rltzAAA,1493,1493,EX1493,23-04-2024-12-52
Success,,01t1e000002rlu0AAA,1494,1494,EX1494,23-04-2024-12-52
Success,,01t1e000002rlu1AAA,1495,1495,EX1495,23-04-2024-12-52
Success,,01t1e000002rlu2AAA,1496,1496,EX1496,23-04-2024-12-52
Success,,01t1e000002rlu3AAA,1497,1497,EX1497,23-04-2024-12-52
Success,,01t1e000002rlu4AAA,1498,1498,EX1498,23-04-2024-12-52
Error,Product Not found,,1499,1499,EX1499000,23-04-2024-12-52
Error,Product Not found,,1500,1500,EX1500000,23-04-2024-12-52